Project,Namespace,Class,Method,LOC,CC,PC
OrionTV.Desktop.Core,OrionTV.Desktop.Core,AppleCmsUrlBuilder,Build,18,3,2
OrionTV.Desktop.Core,OrionTV.Desktop.Core,AppleCmsUrlBuilder,FindProxyUrlMarker,17,4,1
OrionTV.Desktop.Core,OrionTV.Desktop.Core,AppleCmsUrlBuilder,AppendQueryParams,4,1,2
OrionTV.Desktop.Core,OrionTV.Desktop.Core,AppleCmsUrlBuilder,StripTrailingSlash,0,1,1
OrionTV.Desktop.Core,OrionTV.Desktop.Core,AppleCmsUrlBuilder,SafeUnescape,10,1,1
OrionTV.Desktop.Core,OrionTV.Desktop.Core,AppleCmsEpisodeParser,Parse,5,1,2
OrionTV.Desktop.Core,OrionTV.Desktop.Core,AppleCmsEpisodeParser,ParseEpisodes,28,6,2
OrionTV.Desktop.Core,OrionTV.Desktop.Core,AppleCmsEpisodeParser,ParseSources,30,4,3
OrionTV.Desktop.Core,OrionTV.Desktop.Core,AppleCmsEpisodeParser,IsMatchingDirectHlsRoute,16,4,2
OrionTV.Desktop.Core,OrionTV.Desktop.Core,AppleCmsEpisodeParser,IsDirectHlsVariant,12,2,2
OrionTV.Desktop.Core,OrionTV.Desktop.Core,AppleCmsEpisodeParser,TryResolvePlayUrl,18,4,2
OrionTV.Desktop.Core,OrionTV.Desktop.Core,AppleCmsEpisodeParser,TryGetBaseUri,12,3,1
OrionTV.Desktop.Core,OrionTV.Desktop.Core,SearchResultSources,KeyOf,0,1,1
OrionTV.Desktop.Core,OrionTV.Desktop.Core,SearchResultSources,KeyOf,0,1,2
OrionTV.Desktop.Core,OrionTV.Desktop.Core,SearchResultSources,SelectionKeyOf,0,1,1
OrionTV.Desktop.Core,OrionTV.Desktop.Core,SearchResultSources,SelectionKeyOf,0,1,3
OrionTV.Desktop.Core,OrionTV.Desktop.Core,SearchResultSources,Expand,15,2,1
OrionTV.Desktop.Core,OrionTV.Desktop.Core,AppleCmsMapper,ToSearchResult,17,1,2
OrionTV.Desktop.Core,OrionTV.Desktop.Core,AppleCmsMapper,ToVideoDetail,16,1,2
OrionTV.Desktop.Core,OrionTV.Desktop.Core,AppleCmsMapper,ResolveMaybeRelative,12,3,2
OrionTV.Desktop.Core,OrionTV.Desktop.Core,AppleCmsClient,SearchAsync,12,1,3
OrionTV.Desktop.Core,OrionTV.Desktop.Core,AppleCmsClient,GetByIdAsync,12,1,3
OrionTV.Desktop.Core,OrionTV.Desktop.Core,AppleCmsClient,GetDetailAsync,10,1,3
OrionTV.Desktop.Core,OrionTV.Desktop.Core,AppleCmsClient,GetCategoriesAsync,4,1,2
OrionTV.Desktop.Core,OrionTV.Desktop.Core,AppleCmsClient,GetSourcePageAsync,12,1,4
OrionTV.Desktop.Core,OrionTV.Desktop.Core,AppleCmsClient,GetCategoryVideosAsync,11,1,5
OrionTV.Desktop.Core,OrionTV.Desktop.Core,AppleCmsClient,GetHomePageAsync,40,3,6
OrionTV.Desktop.Core,OrionTV.Desktop.Core,AppleCmsClient,MapResults,0,1,2
OrionTV.Desktop.Core,OrionTV.Desktop.Core,AppleCmsClient,FetchVodItemsAsync,18,3,2
OrionTV.Desktop.Core,OrionTV.Desktop.Core,AppleCmsClient,FetchVodPageAsync,18,2,2
OrionTV.Desktop.Core,OrionTV.Desktop.Core,AppleCmsClient,FetchCategoriesAsync,30,6,2
OrionTV.Desktop.Core,OrionTV.Desktop.Core,AppleCmsClient,ConvertId,0,1,1
OrionTV.Desktop.Core,OrionTV.Desktop.Core,AppleCmsClient,GetInt,17,5,2
OrionTV.Desktop.Core,OrionTV.Desktop.Core,CatalogTitleMatcher,Matches,11,3,2
OrionTV.Desktop.Core,OrionTV.Desktop.Core,CatalogTitleMatcher,Normalize,0,1,1
OrionTV.Desktop.Core,OrionTV.Desktop.Core,CatalogPlayabilityBadge,GetLabel,0,1,2
OrionTV.Desktop.Core,OrionTV.Desktop.Core,CatalogPlayabilityCache,TryGet,12,2,2
OrionTV.Desktop.Core,OrionTV.Desktop.Core,CatalogPlayabilityCache,Store,15,3,3
OrionTV.Desktop.Core,OrionTV.Desktop.Core,CatalogPlayabilityCache,Invalidate,10,1,0
OrionTV.Desktop.Core,OrionTV.Desktop.Core,CatalogPlayabilityCache,GetKey,8,2,1
OrionTV.Desktop.Core,OrionTV.Desktop.Core,PlaybackResumePolicy,StartPositionMilliseconds,0,1,1
OrionTV.Desktop.Core,OrionTV.Desktop.Core,PlaybackResumePolicy,FindEpisodeIndex,42,11,5
OrionTV.Desktop.Core,OrionTV.Desktop.Core,PlaybackResumePolicy,FindOriginalPlaybackLine,27,4,4
OrionTV.Desktop.Core,OrionTV.Desktop.Core,PlaybackFallbackSelector,SelectNext,13,1,4
OrionTV.Desktop.Core,OrionTV.Desktop.Core,PlaybackMediaOptions,ForUri,17,3,2
OrionTV.Desktop.Core,OrionTV.Desktop.Core,PlaybackMediaOptions,TryBuildHttpReferrer,7,2,1
OrionTV.Desktop.Core,OrionTV.Desktop.Core,PlaybackStartupWatchdog,PlaybackStartupWatchdog,2,1,0
OrionTV.Desktop.Core,OrionTV.Desktop.Core,PlaybackStartupWatchdog,PlaybackStartupWatchdog,3,1,1
OrionTV.Desktop.Core,OrionTV.Desktop.Core,PlaybackStartupWatchdog,Arm,0,1,1
OrionTV.Desktop.Core,OrionTV.Desktop.Core,PlaybackStartupWatchdog,Disarm,0,1,0
OrionTV.Desktop.Core,OrionTV.Desktop.Core,PlaybackStartupWatchdog,IsTimedOut,0,1,1
OrionTV.Desktop.Core,OrionTV.Desktop.Core,PlaybackStartupPolicy,ResolvesStartup,0,1,1
OrionTV.Desktop.Core,OrionTV.Desktop.Core,CatalogService,CatalogService,4,1,2
OrionTV.Desktop.Core,OrionTV.Desktop.Core,CatalogService,CatalogService,2,1,2
OrionTV.Desktop.Core,OrionTV.Desktop.Core,CatalogService,ClientFor,0,1,1
OrionTV.Desktop.Core,OrionTV.Desktop.Core,CatalogService,GetHomeDataAsync,22,2,6
OrionTV.Desktop.Core,OrionTV.Desktop.Core,CatalogService,SearchAllAsync,26,1,3
OrionTV.Desktop.Core,OrionTV.Desktop.Core,CatalogService,GetPreferredDetailSourceAsync,9,1,5
OrionTV.Desktop.Core,OrionTV.Desktop.Core,CatalogService,GetPreferredDetailSourcesAsync,27,3,5
OrionTV.Desktop.Core,OrionTV.Desktop.Core,CatalogService,GetDetailSourcesAsync,16,3,3
OrionTV.Desktop.Core,OrionTV.Desktop.Core,CatalogService,HydrateEpisodesAsync,42,4,3
OrionTV.Desktop.Core,OrionTV.Desktop.Core,CatalogService,SearchSourcesConcurrentlyAsync,22,2,3
OrionTV.Desktop.Core,OrionTV.Desktop.Core,CatalogService,SafeHomePageAsync,10,1,6
OrionTV.Desktop.Core,OrionTV.Desktop.Core,CatalogService,SafeSearchAsync,10,1,3
OrionTV.Desktop.Core,OrionTV.Desktop.Core,CatalogService,ToCatalogItem,0,1,1
OrionTV.Desktop.Core,OrionTV.Desktop.Core,CatalogService,GetDedupeKey,10,2,1
OrionTV.Desktop.Core,OrionTV.Desktop.Core,CatalogService,MixSourceResults,36,8,3
OrionTV.Desktop.Core,OrionTV.Desktop.Core,ChannelHealthScoring,Evaluate,57,7,5
OrionTV.Desktop.Core,OrionTV.Desktop.Core,ChannelHealthScoring,LabelOf,0,1,1
OrionTV.Desktop.Core,OrionTV.Desktop.Core,ChannelHealthScoring,Downgrade,0,1,1
OrionTV.Desktop.Core,OrionTV.Desktop.Core,ChannelHealthScoring,ClampScoreToCategory,0,1,2
OrionTV.Desktop.Core,OrionTV.Desktop.Core,ChannelHealthDisplay,MetricsLabelOf,19,4,1
OrionTV.Desktop.Core,OrionTV.Desktop.Core,ChannelHealthDisplay,SummaryOf,26,4,1
OrionTV.Desktop.Core,OrionTV.Desktop.Core,ChannelHealthProbe,ProbeManyAsync,29,1,4
OrionTV.Desktop.Core,OrionTV.Desktop.Core,ChannelHealthProbe,ProbeAsync,93,13,3
OrionTV.Desktop.Core,OrionTV.Desktop.Core,ChannelHealthProbe,ProbeHlsAsync,113,17,5
OrionTV.Desktop.Core,OrionTV.Desktop.Core,ChannelHealthProbe,TimedGetAsync,17,2,3
OrionTV.Desktop.Core,OrionTV.Desktop.Core,ChannelHealthProbe,MeasureStreamAsync,39,4,3
OrionTV.Desktop.Core,OrionTV.Desktop.Core,ChannelHealthProbe,ReadTextBodyAsync,4,1,3
OrionTV.Desktop.Core,OrionTV.Desktop.Core,ChannelHealthProbe,ReadBodyAsync,19,3,3
OrionTV.Desktop.Core,OrionTV.Desktop.Core,ChannelHealthProbe,ValidateDependencyAsync,23,4,5
OrionTV.Desktop.Core,OrionTV.Desktop.Core,ChannelHealthProbe,HttpFailure,0,1,2
OrionTV.Desktop.Core,OrionTV.Desktop.Core,ChannelHealthProbe,ValidatedWithoutSpeed,0,1,2
OrionTV.Desktop.Core,OrionTV.Desktop.Core,ChannelHealthProbe,IsUnsupportedContentType,0,1,1
OrionTV.Desktop.Core,OrionTV.Desktop.Core,ChannelHealthProbe,UnsupportedContentDetail,0,1,1
OrionTV.Desktop.Core,OrionTV.Desktop.Core,ChannelHealthProbe,IsTextContentType,0,1,1
OrionTV.Desktop.Core,OrionTV.Desktop.Core,ChannelHealthProbe,DecodePrefix,0,1,1
OrionTV.Desktop.Core,OrionTV.Desktop.Core,ChannelHealthProbe,LooksLikeUnsupportedText,9,1,1
OrionTV.Desktop.Core,OrionTV.Desktop.Core,ChannelHealthProbe,LooksLikeUnsupportedPayload,18,4,1
OrionTV.Desktop.Core,OrionTV.Desktop.Core,ChannelHealthProbe,IsHlsPlaylist,0,1,1
OrionTV.Desktop.Core,OrionTV.Desktop.Core,ChannelHealthProbe,HasRecognizedMediaSignature,30,6,1
OrionTV.Desktop.Core,OrionTV.Desktop.Core,ChannelHealthProbe,SelectHlsDependencies,25,5,1
OrionTV.Desktop.Core,OrionTV.Desktop.Core,ChannelHealthProbe,ExtractUriAttribute,9,2,1
OrionTV.Desktop.Core,OrionTV.Desktop.Core,ChannelHealthProbe,IsMasterPlaylist,0,1,1
OrionTV.Desktop.Core,OrionTV.Desktop.Core,ChannelHealthProbe,LooksLikeHls,0,1,2
OrionTV.Desktop.Core,OrionTV.Desktop.Core,ChannelHealthProbe,LooksLikeRawStream,0,1,2
OrionTV.Desktop.Core,OrionTV.Desktop.Core,ChannelHealthProbe,SelectLowestBandwidthVariant,26,5,1
OrionTV.Desktop.Core,OrionTV.Desktop.Core,ChannelHealthProbe,SelectFirstSegment,26,5,1
OrionTV.Desktop.Core,OrionTV.Desktop.Core,ChannelHealthProbe,ResolveUri,0,1,2
OrionTV.Desktop.Core,OrionTV.Desktop.Core,DeepgramSttProtocol,IsDeepgramProvider,0,1,1
OrionTV.Desktop.Core,OrionTV.Desktop.Core,DeepgramSttProtocol,IsDeepgramModel,11,2,1
OrionTV.Desktop.Core,OrionTV.Desktop.Core,DeepgramSttProtocol,NormalizeModel,8,2,1
OrionTV.Desktop.Core,OrionTV.Desktop.Core,DeepgramSttProtocol,BuildListenWebSocketUri,18,1,2
OrionTV.Desktop.Core,OrionTV.Desktop.Core,DeepgramSttProtocol,LooksLikeApiKey,25,6,1
OrionTV.Desktop.Core,OrionTV.Desktop.Core,DesktopLiveSourceSettings,Normalize,25,5,2
OrionTV.Desktop.Core,OrionTV.Desktop.Core,DesktopLiveSourceSettings,Resolve,11,2,1
OrionTV.Desktop.Core,OrionTV.Desktop.Core,DesktopLiveSourceSettings,IsSupportedUrl,0,1,1
OrionTV.Desktop.Core,OrionTV.Desktop.Core,DesktopLiveSourceSettings,MergeChannels,22,1,1
OrionTV.Desktop.Core,OrionTV.Desktop.Core,DoubanClient,NormalizeTag,0,1,1
OrionTV.Desktop.Core,OrionTV.Desktop.Core,DoubanClient,FetchSubjectsAsync,9,2,5
OrionTV.Desktop.Core,OrionTV.Desktop.Core,DoubanClient,FetchCollectionAsync,13,3,5
OrionTV.Desktop.Core,OrionTV.Desktop.Core,DoubanClient,FetchRecommendationsAsync,13,2,5
OrionTV.Desktop.Core,OrionTV.Desktop.Core,DoubanClient,GetJsonAsync,14,2,2
OrionTV.Desktop.Core,OrionTV.Desktop.Core,DoubanClient,MapSubjects,12,3,2
OrionTV.Desktop.Core,OrionTV.Desktop.Core,DoubanClient,MapSubject,18,4,2
OrionTV.Desktop.Core,OrionTV.Desktop.Core,DoubanClient,GetPoster,25,7,1
OrionTV.Desktop.Core,OrionTV.Desktop.Core,DoubanClient,GetRate,17,3,1
OrionTV.Desktop.Core,OrionTV.Desktop.Core,DoubanClient,GetString,12,2,2
OrionTV.Desktop.Core,OrionTV.Desktop.Core,DoubaoAstProtocol,IsDoubaoAstModel,12,2,1
OrionTV.Desktop.Core,OrionTV.Desktop.Core,DoubaoAstProtocol,IsDoubaoProvider,0,1,1
OrionTV.Desktop.Core,OrionTV.Desktop.Core,DoubaoAstProtocol,BuildStartSession,37,1,5
OrionTV.Desktop.Core,OrionTV.Desktop.Core,DoubaoAstProtocol,BuildTaskRequest,16,1,2
OrionTV.Desktop.Core,OrionTV.Desktop.Core,DoubaoAstProtocol,BuildFinishSession,6,1,1
OrionTV.Desktop.Core,OrionTV.Desktop.Core,DoubaoAstProtocol,ParseResponse,53,10,1
OrionTV.Desktop.Core,OrionTV.Desktop.Core,DoubaoAstProtocol,ParseResponseMeta,39,8,3
OrionTV.Desktop.Core,OrionTV.Desktop.Core,DoubaoAstProtocol,WriteVarintField,4,1,3
OrionTV.Desktop.Core,OrionTV.Desktop.Core,DoubaoAstProtocol,WriteBoolField,0,1,3
OrionTV.Desktop.Core,OrionTV.Desktop.Core,DoubaoAstProtocol,WriteString,4,1,3
OrionTV.Desktop.Core,OrionTV.Desktop.Core,DoubaoAstProtocol,WriteBytes,5,1,3
OrionTV.Desktop.Core,OrionTV.Desktop.Core,DoubaoAstProtocol,WriteMessage,5,1,3
OrionTV.Desktop.Core,OrionTV.Desktop.Core,DoubaoAstProtocol,WriteKey,0,1,3
OrionTV.Desktop.Core,OrionTV.Desktop.Core,DoubaoAstProtocol,WriteVarint,8,2,2
OrionTV.Desktop.Core,OrionTV.Desktop.Core,DoubaoAstProtocol,ReadVarint,19,4,2
OrionTV.Desktop.Core,OrionTV.Desktop.Core,ExtraVideoSourcesStore,Load,15,2,0
OrionTV.Desktop.Core,OrionTV.Desktop.Core,ExtraVideoSourcesStore,ParseFlexible,34,2,1
OrionTV.Desktop.Core,OrionTV.Desktop.Core,ExtraVideoSourcesStore,Save,40,1,1
OrionTV.Desktop.Core,OrionTV.Desktop.Core,ExtraVideoSourcesStore,EnsureFileExists,8,2,0
OrionTV.Desktop.Core,OrionTV.Desktop.Core,ExtraVideoSourcesStore,MapLoose,46,7,2
OrionTV.Desktop.Core,OrionTV.Desktop.Core,ExtraVideoSourcesStore,GetString,7,2,2
OrionTV.Desktop.Core,OrionTV.Desktop.Core,ExtraVideoSourcesStore,slugFrom,0,1,1
OrionTV.Desktop.Core,OrionTV.Desktop.Core,ExtraVideoSourcesStore,SlugKey,11,2,1
OrionTV.Desktop.Core,OrionTV.Desktop.Core,VideoSourceMerger,Merge,20,5,2
OrionTV.Desktop.Core,OrionTV.Desktop.Core,AiImportPromptBuilder,Build,19,1,5
OrionTV.Desktop.Core,OrionTV.Desktop.Core,AiImportPromptBuilder,BuildDiscovery,17,1,4
OrionTV.Desktop.Core,OrionTV.Desktop.Core,AiImportPromptBuilder,BuildCore,80,1,5
OrionTV.Desktop.Core,OrionTV.Desktop.Core,GeminiLiveTranslateProtocol,IsGeminiLiveTranslateModel,9,2,1
OrionTV.Desktop.Core,OrionTV.Desktop.Core,GeminiLiveTranslateProtocol,ResolveProvider,35,9,2
OrionTV.Desktop.Core,OrionTV.Desktop.Core,GeminiLiveTranslateProtocol,NormalizeModel,0,1,1
OrionTV.Desktop.Core,OrionTV.Desktop.Core,GeminiLiveTranslateProtocol,NormalizeTargetLanguage,0,1,1
OrionTV.Desktop.Core,OrionTV.Desktop.Core,GeminiLiveTranslateProtocol,BuildWebSocketUri,6,1,1
OrionTV.Desktop.Core,OrionTV.Desktop.Core,GeminiLiveTranslateProtocol,CreateSetupMessage,29,1,3
OrionTV.Desktop.Core,OrionTV.Desktop.Core,GeminiLiveTranslateProtocol,CreateAudioChunkMessage,13,1,1
OrionTV.Desktop.Core,OrionTV.Desktop.Core,HlsAdSkip,CueOutRegex,0,1,0
OrionTV.Desktop.Core,OrionTV.Desktop.Core,HlsAdSkip,CueInRegex,0,1,0
OrionTV.Desktop.Core,OrionTV.Desktop.Core,HlsAdSkip,ExtInfRegex,0,1,0
OrionTV.Desktop.Core,OrionTV.Desktop.Core,HlsAdSkip,M3u8UrlRegex,0,1,0
OrionTV.Desktop.Core,OrionTV.Desktop.Core,HlsAdSkip,ParseAdRanges,25,5,1
OrionTV.Desktop.Core,OrionTV.Desktop.Core,HlsAdSkip,ParseForeignHostAdRanges,70,12,2
OrionTV.Desktop.Core,OrionTV.Desktop.Core,HlsAdSkip,GetAdRangesAsync,20,3,2
OrionTV.Desktop.Core,OrionTV.Desktop.Core,HlsAdSkip,FetchResolvingMasterAsync,19,3,2
OrionTV.Desktop.Core,OrionTV.Desktop.Core,HlsAdSkip,FetchTextAsync,5,1,2
OrionTV.Desktop.Core,OrionTV.Desktop.Core,HlsAdSkip,FirstVariant,11,3,1
OrionTV.Desktop.Core,OrionTV.Desktop.Core,HlsAdSkip,SegmentMillis,8,2,1
OrionTV.Desktop.Core,OrionTV.Desktop.Core,HlsAdSkip,AppendRun,6,2,3
OrionTV.Desktop.Core,OrionTV.Desktop.Core,HlsAdSkip,CueOutRegex,0,1,0
OrionTV.Desktop.Core,OrionTV.Desktop.Core,HlsAdSkip,CueInRegex,0,1,0
OrionTV.Desktop.Core,OrionTV.Desktop.Core,HlsAdSkip,ExtInfRegex,0,1,0
OrionTV.Desktop.Core,OrionTV.Desktop.Core,HlsAdSkip,M3u8UrlRegex,0,1,0
OrionTV.Desktop.Core,OrionTV.Desktop.Core,HlsAdSkip,CueOutRegex,0,1,0
OrionTV.Desktop.Core,OrionTV.Desktop.Core,HlsAdSkip,CueInRegex,0,1,0
OrionTV.Desktop.Core,OrionTV.Desktop.Core,HlsAdSkip,ExtInfRegex,0,1,0
OrionTV.Desktop.Core,OrionTV.Desktop.Core,HlsAdSkip,M3u8UrlRegex,0,1,0
OrionTV.Desktop.Core,OrionTV.Desktop.Core,HlsAdSkip,CueOutRegex,0,1,0
OrionTV.Desktop.Core,OrionTV.Desktop.Core,HlsAdSkip,CueInRegex,0,1,0
OrionTV.Desktop.Core,OrionTV.Desktop.Core,HlsAdSkip,ExtInfRegex,0,1,0
OrionTV.Desktop.Core,OrionTV.Desktop.Core,HlsAdSkip,M3u8UrlRegex,0,1,0
OrionTV.Desktop.Core,OrionTV.Desktop.Core,HlsAdSkip,CueOutRegex,0,1,0
OrionTV.Desktop.Core,OrionTV.Desktop.Core,HlsAdSkip,CueInRegex,0,1,0
OrionTV.Desktop.Core,OrionTV.Desktop.Core,HlsAdSkip,ExtInfRegex,0,1,0
OrionTV.Desktop.Core,OrionTV.Desktop.Core,HlsAdSkip,M3u8UrlRegex,0,1,0
OrionTV.Desktop.Core,OrionTV.Desktop.Core,HlsAdSkip,CueOutRegex,0,1,0
OrionTV.Desktop.Core,OrionTV.Desktop.Core,HlsAdSkip,CueInRegex,0,1,0
OrionTV.Desktop.Core,OrionTV.Desktop.Core,HlsAdSkip,ExtInfRegex,0,1,0
OrionTV.Desktop.Core,OrionTV.Desktop.Core,HlsAdSkip,M3u8UrlRegex,0,1,0
OrionTV.Desktop.Core,OrionTV.Desktop.Core,HlsAdSkip,CueOutRegex,0,1,0
OrionTV.Desktop.Core,OrionTV.Desktop.Core,HlsAdSkip,CueInRegex,0,1,0
OrionTV.Desktop.Core,OrionTV.Desktop.Core,HlsAdSkip,ExtInfRegex,0,1,0
OrionTV.Desktop.Core,OrionTV.Desktop.Core,HlsAdSkip,M3u8UrlRegex,0,1,0
OrionTV.Desktop.Core,OrionTV.Desktop.Core,HlsAdSkip,CueOutRegex,0,1,0
OrionTV.Desktop.Core,OrionTV.Desktop.Core,HlsAdSkip,CueInRegex,0,1,0
OrionTV.Desktop.Core,OrionTV.Desktop.Core,HlsAdSkip,ExtInfRegex,0,1,0
OrionTV.Desktop.Core,OrionTV.Desktop.Core,HlsAdSkip,M3u8UrlRegex,0,1,0
OrionTV.Desktop.Core,OrionTV.Desktop.Core,HlsAdSkip,CueOutRegex,0,1,0
OrionTV.Desktop.Core,OrionTV.Desktop.Core,HlsAdSkip,CueInRegex,0,1,0
OrionTV.Desktop.Core,OrionTV.Desktop.Core,HlsAdSkip,ExtInfRegex,0,1,0
OrionTV.Desktop.Core,OrionTV.Desktop.Core,HlsAdSkip,M3u8UrlRegex,0,1,0
OrionTV.Desktop.Core,OrionTV.Desktop.Core,HlsAdSkip,CueOutRegex,0,1,0
OrionTV.Desktop.Core,OrionTV.Desktop.Core,HlsAdSkip,CueInRegex,0,1,0
OrionTV.Desktop.Core,OrionTV.Desktop.Core,HlsAdSkip,ExtInfRegex,0,1,0
OrionTV.Desktop.Core,OrionTV.Desktop.Core,HlsAdSkip,M3u8UrlRegex,0,1,0
OrionTV.Desktop.Core,OrionTV.Desktop.Core,HlsAdSkip,CueOutRegex,0,1,0
OrionTV.Desktop.Core,OrionTV.Desktop.Core,HlsAdSkip,CueInRegex,0,1,0
OrionTV.Desktop.Core,OrionTV.Desktop.Core,HlsAdSkip,ExtInfRegex,0,1,0
OrionTV.Desktop.Core,OrionTV.Desktop.Core,HlsAdSkip,M3u8UrlRegex,0,1,0
OrionTV.Desktop.Core,OrionTV.Desktop.Core,HomeCategoryMatcher,NormalizeTag,0,1,1
OrionTV.Desktop.Core,OrionTV.Desktop.Core,HomeCategoryMatcher,IsBroadTag,0,1,1
OrionTV.Desktop.Core,OrionTV.Desktop.Core,HomeCategoryMatcher,GetTypeFallback,0,1,1
OrionTV.Desktop.Core,OrionTV.Desktop.Core,HomeCategoryMatcher,ShouldUseTypeFallback,0,1,1
OrionTV.Desktop.Core,OrionTV.Desktop.Core,HomeCategoryMatcher,GetCategoryCandidates,13,2,2
OrionTV.Desktop.Core,OrionTV.Desktop.Core,HomeCategoryMatcher,NormalizeCategoryName,8,2,1
OrionTV.Desktop.Core,OrionTV.Desktop.Core,HomeCategoryMatcher,HasAnyKeyword,0,1,2
OrionTV.Desktop.Core,OrionTV.Desktop.Core,HomeCategoryMatcher,IsClearlyTvCategory,0,1,1
OrionTV.Desktop.Core,OrionTV.Desktop.Core,HomeCategoryMatcher,IsClearlyMovieCategory,0,1,1
OrionTV.Desktop.Core,OrionTV.Desktop.Core,HomeCategoryMatcher,IsCompatibleHomeCategory,0,1,2
OrionTV.Desktop.Core,OrionTV.Desktop.Core,HomeCategoryMatcher,FindMatchingCategory,23,5,3
OrionTV.Desktop.Core,OrionTV.Desktop.Core,HomeCategoryMatcher,FindHomeCategory,14,3,3
OrionTV.Desktop.Core,OrionTV.Desktop.Core,HomeCategoryMatcher,IsGenericTypeCandidate,4,1,2
OrionTV.Desktop.Core,OrionTV.Desktop.Core,HomeCategoryMatcher,JoinMetadata,0,1,1
OrionTV.Desktop.Core,OrionTV.Desktop.Core,HomeCategoryMatcher,IsCompatibleHomeType,10,2,2
OrionTV.Desktop.Core,OrionTV.Desktop.Core,HomeCategoryMatcher,GetClassMetadata,0,1,1
OrionTV.Desktop.Core,OrionTV.Desktop.Core,HomeCategoryMatcher,MatchesClass,12,3,3
OrionTV.Desktop.Core,OrionTV.Desktop.Core,HomeCategoryMatcher,MatchesArea,16,4,3
OrionTV.Desktop.Core,OrionTV.Desktop.Core,HomeCategoryMatcher,ShouldIncludeHomeItem,6,1,5
OrionTV.Desktop.Core,OrionTV.Desktop.Core,IVodSourceClient,SearchAsync,0,1,3
OrionTV.Desktop.Core,OrionTV.Desktop.Core,IVodSourceClient,GetByIdAsync,0,1,3
OrionTV.Desktop.Core,OrionTV.Desktop.Core,IVodSourceClient,GetDetailAsync,0,1,3
OrionTV.Desktop.Core,OrionTV.Desktop.Core,IVodSourceClient,GetCategoriesAsync,0,1,2
OrionTV.Desktop.Core,OrionTV.Desktop.Core,IVodSourceClient,GetSourcePageAsync,0,1,4
OrionTV.Desktop.Core,OrionTV.Desktop.Core,IVodSourceClient,GetCategoryVideosAsync,0,1,5
OrionTV.Desktop.Core,OrionTV.Desktop.Core,IVodSourceClient,GetHomePageAsync,0,1,6
OrionTV.Desktop.Core,OrionTV.Desktop.Core,VodSourceClientFactory,VodSourceClientFactory,5,1,1
OrionTV.Desktop.Core,OrionTV.Desktop.Core,VodSourceClientFactory,VodSourceClientFactory,5,1,3
OrionTV.Desktop.Core,OrionTV.Desktop.Core,VodSourceClientFactory,For,0,1,1
OrionTV.Desktop.Core,OrionTV.Desktop.Core,UnsupportedVodSourceClient,SearchAsync,0,1,3
OrionTV.Desktop.Core,OrionTV.Desktop.Core,UnsupportedVodSourceClient,GetByIdAsync,0,1,3
OrionTV.Desktop.Core,OrionTV.Desktop.Core,UnsupportedVodSourceClient,GetDetailAsync,0,1,3
OrionTV.Desktop.Core,OrionTV.Desktop.Core,UnsupportedVodSourceClient,GetCategoriesAsync,0,1,2
OrionTV.Desktop.Core,OrionTV.Desktop.Core,UnsupportedVodSourceClient,GetSourcePageAsync,0,1,4
OrionTV.Desktop.Core,OrionTV.Desktop.Core,UnsupportedVodSourceClient,GetCategoryVideosAsync,0,1,5
OrionTV.Desktop.Core,OrionTV.Desktop.Core,UnsupportedVodSourceClient,GetHomePageAsync,0,1,6
OrionTV.Desktop.Core,OrionTV.Desktop.Core,LocalMediaNaming,IsSupportedMediaFile,0,1,1
OrionTV.Desktop.Core,OrionTV.Desktop.Core,LocalMediaNaming,Parse,37,7,1
OrionTV.Desktop.Core,OrionTV.Desktop.Core,LocalMediaNaming,NormalizeTitle,0,1,1
OrionTV.Desktop.Core,OrionTV.Desktop.Core,LocalMediaNaming,GroupFiles,30,1,1
OrionTV.Desktop.Core,OrionTV.Desktop.Core,LocalMediaNaming,CleanTitle,4,1,1
OrionTV.Desktop.Core,OrionTV.Desktop.Core,LocalMediaNaming,TryGetFullPath,10,1,1
OrionTV.Desktop.Core,OrionTV.Desktop.Core,LocalMediaNaming,ResolvePoster,24,6,2
OrionTV.Desktop.Core,OrionTV.Desktop.Core,LocalMediaNaming,SeasonEpisodeRegex,0,1,0
OrionTV.Desktop.Core,OrionTV.Desktop.Core,LocalMediaNaming,EpisodeRegex,0,1,0
OrionTV.Desktop.Core,OrionTV.Desktop.Core,LocalMediaNaming,ChineseEpisodeRegex,0,1,0
OrionTV.Desktop.Core,OrionTV.Desktop.Core,LocalMediaNaming,TrailingEpisodeRegex,0,1,0
OrionTV.Desktop.Core,OrionTV.Desktop.Core,LocalMediaNaming,WhitespaceRegex,0,1,0
OrionTV.Desktop.Core,OrionTV.Desktop.Core,LocalMediaNaming,EpisodePatterns,6,1,0
OrionTV.Desktop.Core,OrionTV.Desktop.Core,LocalMediaNaming,NaturalPartRegex,0,1,0
OrionTV.Desktop.Core,OrionTV.Desktop.Core,LocalMediaNaming,SeasonEpisodeRegex,0,1,0
OrionTV.Desktop.Core,OrionTV.Desktop.Core,LocalMediaNaming,EpisodeRegex,0,1,0
OrionTV.Desktop.Core,OrionTV.Desktop.Core,LocalMediaNaming,ChineseEpisodeRegex,0,1,0
OrionTV.Desktop.Core,OrionTV.Desktop.Core,LocalMediaNaming,TrailingEpisodeRegex,0,1,0
OrionTV.Desktop.Core,OrionTV.Desktop.Core,LocalMediaNaming,WhitespaceRegex,0,1,0
OrionTV.Desktop.Core,OrionTV.Desktop.Core,LocalMediaNaming,NaturalPartRegex,0,1,0
OrionTV.Desktop.Core,OrionTV.Desktop.Core,LocalMediaNaming,SeasonEpisodeRegex,0,1,0
OrionTV.Desktop.Core,OrionTV.Desktop.Core,LocalMediaNaming,EpisodeRegex,0,1,0
OrionTV.Desktop.Core,OrionTV.Desktop.Core,LocalMediaNaming,ChineseEpisodeRegex,0,1,0
OrionTV.Desktop.Core,OrionTV.Desktop.Core,LocalMediaNaming,TrailingEpisodeRegex,0,1,0
OrionTV.Desktop.Core,OrionTV.Desktop.Core,LocalMediaNaming,WhitespaceRegex,0,1,0
OrionTV.Desktop.Core,OrionTV.Desktop.Core,LocalMediaNaming,NaturalPartRegex,0,1,0
OrionTV.Desktop.Core,OrionTV.Desktop.Core,LocalMediaNaming,SeasonEpisodeRegex,0,1,0
OrionTV.Desktop.Core,OrionTV.Desktop.Core,LocalMediaNaming,EpisodeRegex,0,1,0
OrionTV.Desktop.Core,OrionTV.Desktop.Core,LocalMediaNaming,ChineseEpisodeRegex,0,1,0
OrionTV.Desktop.Core,OrionTV.Desktop.Core,LocalMediaNaming,TrailingEpisodeRegex,0,1,0
OrionTV.Desktop.Core,OrionTV.Desktop.Core,LocalMediaNaming,WhitespaceRegex,0,1,0
OrionTV.Desktop.Core,OrionTV.Desktop.Core,LocalMediaNaming,NaturalPartRegex,0,1,0
OrionTV.Desktop.Core,OrionTV.Desktop.Core,LocalMediaNaming,SeasonEpisodeRegex,0,1,0
OrionTV.Desktop.Core,OrionTV.Desktop.Core,LocalMediaNaming,EpisodeRegex,0,1,0
OrionTV.Desktop.Core,OrionTV.Desktop.Core,LocalMediaNaming,ChineseEpisodeRegex,0,1,0
OrionTV.Desktop.Core,OrionTV.Desktop.Core,LocalMediaNaming,TrailingEpisodeRegex,0,1,0
OrionTV.Desktop.Core,OrionTV.Desktop.Core,LocalMediaNaming,WhitespaceRegex,0,1,0
OrionTV.Desktop.Core,OrionTV.Desktop.Core,LocalMediaNaming,NaturalPartRegex,0,1,0
OrionTV.Desktop.Core,OrionTV.Desktop.Core,LocalMediaNaming,SeasonEpisodeRegex,0,1,0
OrionTV.Desktop.Core,OrionTV.Desktop.Core,LocalMediaNaming,EpisodeRegex,0,1,0
OrionTV.Desktop.Core,OrionTV.Desktop.Core,LocalMediaNaming,ChineseEpisodeRegex,0,1,0
OrionTV.Desktop.Core,OrionTV.Desktop.Core,LocalMediaNaming,TrailingEpisodeRegex,0,1,0
OrionTV.Desktop.Core,OrionTV.Desktop.Core,LocalMediaNaming,WhitespaceRegex,0,1,0
OrionTV.Desktop.Core,OrionTV.Desktop.Core,LocalMediaNaming,NaturalPartRegex,0,1,0
OrionTV.Desktop.Core,OrionTV.Desktop.Core,LocalMediaNaming,SeasonEpisodeRegex,0,1,0
OrionTV.Desktop.Core,OrionTV.Desktop.Core,LocalMediaNaming,EpisodeRegex,0,1,0
OrionTV.Desktop.Core,OrionTV.Desktop.Core,LocalMediaNaming,ChineseEpisodeRegex,0,1,0
OrionTV.Desktop.Core,OrionTV.Desktop.Core,LocalMediaNaming,TrailingEpisodeRegex,0,1,0
OrionTV.Desktop.Core,OrionTV.Desktop.Core,LocalMediaNaming,WhitespaceRegex,0,1,0
OrionTV.Desktop.Core,OrionTV.Desktop.Core,LocalMediaNaming,NaturalPartRegex,0,1,0
OrionTV.Desktop.Core,OrionTV.Desktop.Core,LocalMediaNaming,SeasonEpisodeRegex,0,1,0
OrionTV.Desktop.Core,OrionTV.Desktop.Core,LocalMediaNaming,EpisodeRegex,0,1,0
OrionTV.Desktop.Core,OrionTV.Desktop.Core,LocalMediaNaming,ChineseEpisodeRegex,0,1,0
OrionTV.Desktop.Core,OrionTV.Desktop.Core,LocalMediaNaming,TrailingEpisodeRegex,0,1,0
OrionTV.Desktop.Core,OrionTV.Desktop.Core,LocalMediaNaming,WhitespaceRegex,0,1,0
OrionTV.Desktop.Core,OrionTV.Desktop.Core,LocalMediaNaming,NaturalPartRegex,0,1,0
OrionTV.Desktop.Core,OrionTV.Desktop.Core,LocalMediaNaming,SeasonEpisodeRegex,0,1,0
OrionTV.Desktop.Core,OrionTV.Desktop.Core,LocalMediaNaming,EpisodeRegex,0,1,0
OrionTV.Desktop.Core,OrionTV.Desktop.Core,LocalMediaNaming,ChineseEpisodeRegex,0,1,0
OrionTV.Desktop.Core,OrionTV.Desktop.Core,LocalMediaNaming,TrailingEpisodeRegex,0,1,0
OrionTV.Desktop.Core,OrionTV.Desktop.Core,LocalMediaNaming,WhitespaceRegex,0,1,0
OrionTV.Desktop.Core,OrionTV.Desktop.Core,LocalMediaNaming,NaturalPartRegex,0,1,0
OrionTV.Desktop.Core,OrionTV.Desktop.Core,LocalMediaNaming,SeasonEpisodeRegex,0,1,0
OrionTV.Desktop.Core,OrionTV.Desktop.Core,LocalMediaNaming,EpisodeRegex,0,1,0
OrionTV.Desktop.Core,OrionTV.Desktop.Core,LocalMediaNaming,ChineseEpisodeRegex,0,1,0
OrionTV.Desktop.Core,OrionTV.Desktop.Core,LocalMediaNaming,TrailingEpisodeRegex,0,1,0
OrionTV.Desktop.Core,OrionTV.Desktop.Core,LocalMediaNaming,WhitespaceRegex,0,1,0
OrionTV.Desktop.Core,OrionTV.Desktop.Core,LocalMediaNaming,NaturalPartRegex,0,1,0
OrionTV.Desktop.Core,OrionTV.Desktop.Core,LocalMediaNaming,SeasonEpisodeRegex,0,1,0
OrionTV.Desktop.Core,OrionTV.Desktop.Core,LocalMediaNaming,EpisodeRegex,0,1,0
OrionTV.Desktop.Core,OrionTV.Desktop.Core,LocalMediaNaming,ChineseEpisodeRegex,0,1,0
OrionTV.Desktop.Core,OrionTV.Desktop.Core,LocalMediaNaming,TrailingEpisodeRegex,0,1,0
OrionTV.Desktop.Core,OrionTV.Desktop.Core,LocalMediaNaming,WhitespaceRegex,0,1,0
OrionTV.Desktop.Core,OrionTV.Desktop.Core,LocalMediaNaming,NaturalPartRegex,0,1,0
OrionTV.Desktop.Core,OrionTV.Desktop.Core,NaturalPathComparer,Compare,28,7,2
OrionTV.Desktop.Core,OrionTV.Desktop.Core,LocalMediaStore,LocalMediaStore,2,1,0
OrionTV.Desktop.Core,OrionTV.Desktop.Core,LocalMediaStore,LocalMediaStore,2,1,1
OrionTV.Desktop.Core,OrionTV.Desktop.Core,LocalMediaStore,Get,0,1,1
OrionTV.Desktop.Core,OrionTV.Desktop.Core,LocalMediaStore,GetItems,0,1,0
OrionTV.Desktop.Core,OrionTV.Desktop.Core,LocalMediaStore,Import,41,2,1
OrionTV.Desktop.Core,OrionTV.Desktop.Core,LocalMediaStore,Remove,6,2,1
OrionTV.Desktop.Core,OrionTV.Desktop.Core,JsonDictionaryStore<T>,JsonDictionaryStore,0,1,1
OrionTV.Desktop.Core,OrionTV.Desktop.Core,JsonDictionaryStore<T>,Key,0,1,2
OrionTV.Desktop.Core,OrionTV.Desktop.Core,JsonDictionaryStore<T>,GetAll,18,2,0
OrionTV.Desktop.Core,OrionTV.Desktop.Core,JsonDictionaryStore<T>,Clear,0,1,0
OrionTV.Desktop.Core,OrionTV.Desktop.Core,JsonDictionaryStore<T>,Mutate,31,2,1
OrionTV.Desktop.Core,OrionTV.Desktop.Core,JsonDictionaryStore<T>,TryBackupCorruptFile,10,1,0
OrionTV.Desktop.Core,OrionTV.Desktop.Core,JsonDictionaryStore<T>,WriteAtomically,6,1,1
OrionTV.Desktop.Core,OrionTV.Desktop.Core,FavoriteStore,IsFavorited,0,1,2
OrionTV.Desktop.Core,OrionTV.Desktop.Core,FavoriteStore,Save,0,1,3
OrionTV.Desktop.Core,OrionTV.Desktop.Core,FavoriteStore,Remove,0,1,2
OrionTV.Desktop.Core,OrionTV.Desktop.Core,FavoriteStore,Toggle,9,2,3
OrionTV.Desktop.Core,OrionTV.Desktop.Core,PlayRecordStore,PlayRecordStore,2,1,0
OrionTV.Desktop.Core,OrionTV.Desktop.Core,PlayRecordStore,PlayRecordStore,2,1,1
OrionTV.Desktop.Core,OrionTV.Desktop.Core,PlayRecordStore,Get,0,1,2
OrionTV.Desktop.Core,OrionTV.Desktop.Core,PlayRecordStore,GetLatestByMedia,24,1,0
OrionTV.Desktop.Core,OrionTV.Desktop.Core,PlayRecordStore,Save,0,1,3
OrionTV.Desktop.Core,OrionTV.Desktop.Core,PlayRecordStore,UpdateCover,14,2,3
OrionTV.Desktop.Core,OrionTV.Desktop.Core,PlayRecordStore,Remove,0,1,2
OrionTV.Desktop.Core,OrionTV.Desktop.Core,PlayRecordStore,ToHistoryEntry,6,1,1
OrionTV.Desktop.Core,OrionTV.Desktop.Core,PlayRecordStore,GetMediaKey,15,3,1
OrionTV.Desktop.Core,OrionTV.Desktop.Core,M3uParser,Parse,41,5,1
OrionTV.Desktop.Core,OrionTV.Desktop.Core,M3uParser,FetchAndParseAsync,16,2,2
OrionTV.Desktop.Core,OrionTV.Desktop.Core,M3uParser,MatchAttribute,11,2,2
OrionTV.Desktop.Core,OrionTV.Desktop.Core,MacCmsJsonClient,SearchAsync,8,1,3
OrionTV.Desktop.Core,OrionTV.Desktop.Core,MacCmsJsonClient,GetByIdAsync,8,1,3
OrionTV.Desktop.Core,OrionTV.Desktop.Core,MacCmsJsonClient,GetDetailAsync,10,1,3
OrionTV.Desktop.Core,OrionTV.Desktop.Core,MacCmsJsonClient,GetCategoriesAsync,7,1,2
OrionTV.Desktop.Core,OrionTV.Desktop.Core,MacCmsJsonClient,GetSourcePageAsync,10,1,4
OrionTV.Desktop.Core,OrionTV.Desktop.Core,MacCmsJsonClient,GetCategoryVideosAsync,11,1,5
OrionTV.Desktop.Core,OrionTV.Desktop.Core,MacCmsJsonClient,GetHomePageAsync,40,3,6
OrionTV.Desktop.Core,OrionTV.Desktop.Core,MacCmsJsonClient,ResolveOption,36,8,5
OrionTV.Desktop.Core,OrionTV.Desktop.Core,MacCmsJsonClient,Map,0,1,2
OrionTV.Desktop.Core,OrionTV.Desktop.Core,MacCmsJsonClient,FetchVodItemsAsync,4,1,2
OrionTV.Desktop.Core,OrionTV.Desktop.Core,MacCmsJsonClient,FetchVodPageAsync,18,2,2
OrionTV.Desktop.Core,OrionTV.Desktop.Core,MacCmsJsonClient,FetchCategoriesAsync,30,6,2
OrionTV.Desktop.Core,OrionTV.Desktop.Core,MacCmsJsonClient,ConvertId,0,1,1
OrionTV.Desktop.Core,OrionTV.Desktop.Core,MacCmsJsonClient,GetInt,18,5,2
OrionTV.Desktop.Core,OrionTV.Desktop.Core,MacCmsXmlClient,SearchAsync,10,1,3
OrionTV.Desktop.Core,OrionTV.Desktop.Core,MacCmsXmlClient,GetByIdAsync,10,1,3
OrionTV.Desktop.Core,OrionTV.Desktop.Core,MacCmsXmlClient,GetDetailAsync,15,1,3
OrionTV.Desktop.Core,OrionTV.Desktop.Core,MacCmsXmlClient,GetCategoriesAsync,9,1,2
OrionTV.Desktop.Core,OrionTV.Desktop.Core,MacCmsXmlClient,GetSourcePageAsync,11,1,4
OrionTV.Desktop.Core,OrionTV.Desktop.Core,MacCmsXmlClient,GetCategoryVideosAsync,14,1,5
OrionTV.Desktop.Core,OrionTV.Desktop.Core,MacCmsXmlClient,GetHomePageAsync,25,3,6
OrionTV.Desktop.Core,OrionTV.Desktop.Core,MacCmsXmlClient,FetchXmlAsync,9,2,2
OrionTV.Desktop.Core,OrionTV.Desktop.Core,MacCmsXmlClient,ParseCategories,18,4,1
OrionTV.Desktop.Core,OrionTV.Desktop.Core,MacCmsXmlClient,ParseVideos,49,5,2
OrionTV.Desktop.Core,OrionTV.Desktop.Core,MacCmsXmlClient,TextOf,11,3,2
OrionTV.Desktop.Core,OrionTV.Desktop.Core,MacCmsXmlClient,TryReadInt,5,1,3
OrionTV.Desktop.Core,OrionTV.Desktop.Core,VideoSourceProtocols,Normalize,10,1,1
OrionTV.Desktop.Core,OrionTV.Desktop.Core,EpisodeLabelFormatter,DisplayAt,11,3,2
OrionTV.Desktop.Core,OrionTV.Desktop.Core,EpisodeLabelFormatter,CompactAt,6,1,2
OrionTV.Desktop.Core,OrionTV.Desktop.Core,EpisodeLabelFormatter,TryGetNumber,21,4,2
OrionTV.Desktop.Core,OrionTV.Desktop.Core,RealtimeTranslationProtocol,UsesRealtimeProtocol,7,2,1
OrionTV.Desktop.Core,OrionTV.Desktop.Core,RealtimeTranslationProtocol,NormalizeBaseUrl,7,2,1
OrionTV.Desktop.Core,OrionTV.Desktop.Core,RealtimeTranslationProtocol,GetHttpApiRoot,6,1,1
OrionTV.Desktop.Core,OrionTV.Desktop.Core,RealtimeTranslationProtocol,BuildWebSocketUri,10,1,2
OrionTV.Desktop.Core,OrionTV.Desktop.Core,RealtimeTranslationProtocol,BuildChatCompletionsUri,0,1,1
OrionTV.Desktop.Core,OrionTV.Desktop.Core,RealtimeTranslationProtocol,BuildTranscriptionsUri,0,1,1
OrionTV.Desktop.Core,OrionTV.Desktop.Core,RealtimeTranslationProtocol,CreateSessionUpdate,16,1,1
OrionTV.Desktop.Core,OrionTV.Desktop.Core,RealtimeTranslationProtocol,CreateAudioAppend,0,1,1
OrionTV.Desktop.Core,OrionTV.Desktop.Core,RealtimeTranslationProtocol,CreateClose,0,1,0
OrionTV.Desktop.Core,OrionTV.Desktop.Core,RealtimeTranslationProtocol,ParseServerEvent,30,2,1
OrionTV.Desktop.Core,OrionTV.Desktop.Core,RealtimeTranslationProtocol,ParseError,13,2,1
OrionTV.Desktop.Core,OrionTV.Desktop.Core,RealtimeTranslationProtocol,GetString,0,1,2
OrionTV.Desktop.Core,OrionTV.Desktop.Core,RealtimeTranslationProtocol,GetInt64,0,1,2
OrionTV.Desktop.Core,OrionTV.Desktop.Core,Pcm16TranslationFrameBuffer,Pcm16TranslationFrameBuffer,4,1,1
OrionTV.Desktop.Core,OrionTV.Desktop.Core,Pcm16TranslationFrameBuffer,Append,16,3,2
OrionTV.Desktop.Core,OrionTV.Desktop.Core,Pcm16TranslationFrameBuffer,Reset,4,1,0
OrionTV.Desktop.Core,OrionTV.Desktop.Core,RollingSubtitleBuffer,Append,16,3,1
OrionTV.Desktop.Core,OrionTV.Desktop.Core,RollingSubtitleBuffer,Clear,4,1,0
OrionTV.Desktop.Core,OrionTV.Desktop.Core,RollingSubtitleBuffer,EndsAtSentenceBoundary,11,3,0
OrionTV.Desktop.Core,OrionTV.Desktop.Core,RollingSubtitleBuffer,TrimOldText,18,4,0
OrionTV.Desktop.Core,OrionTV.Desktop.Core,DesktopPaths,EnsureDirectory,0,1,0
OrionTV.Desktop.Core,OrionTV.Desktop.Core,VodCacheSettings,ResolveDirectory,0,1,1
OrionTV.Desktop.Core,OrionTV.Desktop.Core,VodCacheSettings,NormalizePrebufferSeconds,0,1,1
OrionTV.Desktop.Core,OrionTV.Desktop.Core,VodCacheSettings,NormalizeRetention,0,1,1
OrionTV.Desktop.Core,OrionTV.Desktop.Core,DesktopSettingsMigration,Apply,0,1,1
OrionTV.Desktop.Core,OrionTV.Desktop.Core,DesktopSettingsForm,ApplyEditableFields,0,1,18
OrionTV.Desktop.Core,OrionTV.Desktop.Core,DesktopSettingsForm,ShouldReloadSubscription,0,1,3
OrionTV.Desktop.Core,OrionTV.Desktop.Core,SettingsStore,Load,28,3,0
OrionTV.Desktop.Core,OrionTV.Desktop.Core,SettingsStore,Save,4,1,1
OrionTV.Desktop.Core,OrionTV.Desktop.Core,VideoSourceSubscriptionParser,Parse,9,2,1
OrionTV.Desktop.Core,OrionTV.Desktop.Core,VideoSourceSubscriptionParser,FetchAsync,9,2,3
OrionTV.Desktop.Core,OrionTV.Desktop.Core,VideoSourceSubscriptionParser,ParseDocument,10,1,1
OrionTV.Desktop.Core,OrionTV.Desktop.Core,VideoSourceSubscriptionParser,Normalize,25,3,1
OrionTV.Desktop.Core,OrionTV.Desktop.Core,VideoSourceSubscriptionParser,MapSource,21,2,2
OrionTV.Desktop.Core,OrionTV.Desktop.Core,VideoSourceSubscriptionParser,ReadOptions,22,4,1
OrionTV.Desktop.Core,OrionTV.Desktop.Core,VideoSourceSubscriptionParser,GetString,7,1,2
OrionTV.Desktop.Core,OrionTV.Desktop.Core,VideoSourceSubscriptionParser,StripTrailingSlash,0,1,1
OrionTV.Desktop.Core,OrionTV.Desktop.Core,VideoSourceSubscriptionParser,DecodeBase58,35,7,1
OrionTV.Desktop.Core,System.Text.RegularExpressions.Generated,CueOutRegex_0,CueOutRegex_0,8,1,0
OrionTV.Desktop.Core,System.Text.RegularExpressions.Generated,RunnerFactory,CreateInstance,0,1,0
OrionTV.Desktop.Core,System.Text.RegularExpressions.Generated,RunnerFactory,CreateInstance,0,1,0
OrionTV.Desktop.Core,System.Text.RegularExpressions.Generated,RunnerFactory,CreateInstance,0,1,0
OrionTV.Desktop.Core,System.Text.RegularExpressions.Generated,RunnerFactory,CreateInstance,0,1,0
OrionTV.Desktop.Core,System.Text.RegularExpressions.Generated,RunnerFactory,CreateInstance,0,1,0
OrionTV.Desktop.Core,System.Text.RegularExpressions.Generated,RunnerFactory,CreateInstance,0,1,0
OrionTV.Desktop.Core,System.Text.RegularExpressions.Generated,RunnerFactory,CreateInstance,0,1,0
OrionTV.Desktop.Core,System.Text.RegularExpressions.Generated,RunnerFactory,CreateInstance,0,1,0
OrionTV.Desktop.Core,System.Text.RegularExpressions.Generated,RunnerFactory,CreateInstance,0,1,0
OrionTV.Desktop.Core,System.Text.RegularExpressions.Generated,RunnerFactory,CreateInstance,0,1,0
OrionTV.Desktop.Core,System.Text.RegularExpressions.Generated,Runner,Scan,7,2,1
OrionTV.Desktop.Core,System.Text.RegularExpressions.Generated,Runner,TryFindNextPossibleStartingPosition,17,3,1
OrionTV.Desktop.Core,System.Text.RegularExpressions.Generated,Runner,TryMatchAtCurrentPosition,58,5,1
OrionTV.Desktop.Core,System.Text.RegularExpressions.Generated,Runner,Scan,7,2,1
OrionTV.Desktop.Core,System.Text.RegularExpressions.Generated,Runner,TryFindNextPossibleStartingPosition,17,3,1
OrionTV.Desktop.Core,System.Text.RegularExpressions.Generated,Runner,TryMatchAtCurrentPosition,58,5,1
OrionTV.Desktop.Core,System.Text.RegularExpressions.Generated,Runner,Scan,7,2,1
OrionTV.Desktop.Core,System.Text.RegularExpressions.Generated,Runner,TryFindNextPossibleStartingPosition,17,3,1
OrionTV.Desktop.Core,System.Text.RegularExpressions.Generated,Runner,TryMatchAtCurrentPosition,63,5,1
OrionTV.Desktop.Core,System.Text.RegularExpressions.Generated,Runner,Scan,13,3,1
OrionTV.Desktop.Core,System.Text.RegularExpressions.Generated,Runner,TryFindNextPossibleStartingPosition,20,3,1
OrionTV.Desktop.Core,System.Text.RegularExpressions.Generated,Runner,TryMatchAtCurrentPosition,53,4,1
OrionTV.Desktop.Core,System.Text.RegularExpressions.Generated,Runner,Scan,7,2,1
OrionTV.Desktop.Core,System.Text.RegularExpressions.Generated,Runner,TryFindNextPossibleStartingPosition,17,3,1
OrionTV.Desktop.Core,System.Text.RegularExpressions.Generated,Runner,TryMatchAtCurrentPosition,318,24,1
OrionTV.Desktop.Core,System.Text.RegularExpressions.Generated,Runner,Scan,7,2,1
OrionTV.Desktop.Core,System.Text.RegularExpressions.Generated,Runner,TryFindNextPossibleStartingPosition,17,3,1
OrionTV.Desktop.Core,System.Text.RegularExpressions.Generated,Runner,TryMatchAtCurrentPosition,269,20,1
OrionTV.Desktop.Core,System.Text.RegularExpressions.Generated,Runner,Scan,7,2,1
OrionTV.Desktop.Core,System.Text.RegularExpressions.Generated,Runner,TryFindNextPossibleStartingPosition,17,3,1
OrionTV.Desktop.Core,System.Text.RegularExpressions.Generated,Runner,TryMatchAtCurrentPosition,198,16,1
OrionTV.Desktop.Core,System.Text.RegularExpressions.Generated,Runner,Scan,7,2,1
OrionTV.Desktop.Core,System.Text.RegularExpressions.Generated,Runner,TryFindNextPossibleStartingPosition,17,3,1
OrionTV.Desktop.Core,System.Text.RegularExpressions.Generated,Runner,TryMatchAtCurrentPosition,329,23,1
OrionTV.Desktop.Core,System.Text.RegularExpressions.Generated,Runner,Scan,13,3,1
OrionTV.Desktop.Core,System.Text.RegularExpressions.Generated,Runner,TryFindNextPossibleStartingPosition,20,3,1
OrionTV.Desktop.Core,System.Text.RegularExpressions.Generated,Runner,TryMatchAtCurrentPosition,27,3,1
OrionTV.Desktop.Core,System.Text.RegularExpressions.Generated,Runner,Scan,13,3,1
OrionTV.Desktop.Core,System.Text.RegularExpressions.Generated,Runner,TryFindNextPossibleStartingPosition,20,3,1
OrionTV.Desktop.Core,System.Text.RegularExpressions.Generated,Runner,TryMatchAtCurrentPosition,64,5,1
OrionTV.Desktop.Core,System.Text.RegularExpressions.Generated,CueInRegex_1,CueInRegex_1,8,1,0
OrionTV.Desktop.Core,System.Text.RegularExpressions.Generated,ExtInfRegex_2,ExtInfRegex_2,8,1,0
OrionTV.Desktop.Core,System.Text.RegularExpressions.Generated,M3u8UrlRegex_3,M3u8UrlRegex_3,8,1,0
OrionTV.Desktop.Core,System.Text.RegularExpressions.Generated,SeasonEpisodeRegex_4,SeasonEpisodeRegex_4,10,1,0
OrionTV.Desktop.Core,System.Text.RegularExpressions.Generated,EpisodeRegex_5,EpisodeRegex_5,10,1,0
OrionTV.Desktop.Core,System.Text.RegularExpressions.Generated,ChineseEpisodeRegex_6,ChineseEpisodeRegex_6,10,1,0
OrionTV.Desktop.Core,System.Text.RegularExpressions.Generated,TrailingEpisodeRegex_7,TrailingEpisodeRegex_7,10,1,0
OrionTV.Desktop.Core,System.Text.RegularExpressions.Generated,WhitespaceRegex_8,WhitespaceRegex_8,8,1,0
OrionTV.Desktop.Core,System.Text.RegularExpressions.Generated,NaturalPartRegex_9,NaturalPartRegex_9,8,1,0
OrionTV.Desktop.Core,System.Text.RegularExpressions.Generated,Utilities,IndexOfAnyWhiteSpace,22,3,1
OrionTV.Desktop.Core,System.Text.RegularExpressions.Generated,Utilities,IndexOfNonAsciiOrAny_A4247F05DC00236028A5E2A6F92DEFCBD981F4B8D6EFAE04204893D649EDBE5B,23,3,1
OrionTV.Desktop.Core,System.Text.RegularExpressions.Generated,Utilities,StackPop,4,1,4
OrionTV.Desktop.Core,System.Text.RegularExpressions.Generated,Utilities,StackPush,23,2,4
OrionTV.Desktop.Core,System.Text.RegularExpressions.Generated,Utilities,StackPush,24,2,5
