BlueHeisenberg/SCSKiller	28	5	66464	slnx-only
CAPCOM-TD-OSS/REDox	36	31	91984	slnx-only
BlackLabelHQ/SymphonyRecomp	2	1	25734	none
Lertaro/Lertaro	350	66	219943	slnx-only
evangelosvlachos96-dotcom/booking-microservices	140	23	18896	sln
yksr-melt/Meltype	12	6	27443	sln
wanvfx/ProxyNodeHub	2	4	13141	slnx-only
Smart-Paocai/VioletToolBox	14	2	79444	sln
CS-LX/CPURacer	8	8	7457	sln
huaotem-bot/gezi-quark-downloader	5	2	19758	slnx-only
Vincent-Xi08/IntentRoute-AI	4	2	15225	none
chenjie2010/BlueSolution	114	23	449474	sln
Matteo842/CrashBandicoot-Launcher	32	11	54560	sln
AlLHHH/ALH-Pro	4	3	77073	slnx-only
davidwhitney/JsxCore	51	9	26792	slnx-only
keeleycenc/cc-our-story	43	5	49058	sln
Hannah2227/douyin-favorite-MyLike	5	1	5455	slnx-only
githubuser420x/FGOAC-scooby	6	1	37402	none
KnifeLemon/Filee	47	12	65288	slnx-only
youke1686/FlyDisk	5	1	16067	slnx-only
navysoto/wxhook	6	5	2640	sln
ThioJoe/Thio-Background-App-Notifier	4	1	8355	slnx-only
idlerunner00/procedural-pixel-creatures	16	2	28953	sln
star620/TraeTools	10	1	9469	none
ch998244353/TuckPane	6	5	47369	slnx-only
notinferred/keypaste	80	20	203026	slnx-only
GEORGEWWWU/NotchPeninsula	2	1	28200	slnx-only
GlacierGlimmer/zmd-charge-plus	7	3	12479	sln
Loopayeh/pkg-sender	7	7	11474	none
borexola/neolink.net	19	3	64429	sln
Zsh123456-BOOP/stardew-together	6	3	25520	none
linzifeng07/RightClickGuardian	1	1	4440	none
dboudreau00/Xault-Wallet	18	8	26508	sln
ky2421/Windows-Environment-Management-Platform-WEMP-	50	20	31322	sln
zo1223/OpaiTV	7	3	30826	sln
Torch1230/CombatSolver	46	38	207135	none
BYTEX-TRADE/bytex	98	31	177786	slnx-only
ABING1111/BiliDesk	10	1	31416	sln
Infinite-Heaven/SephiriaBackpackOrganizer	1	2	6906	none
li5bo5/WinKit	8	1	8026	none
aelyo-softworks/AOTrino	24	21	10475	slnx-only
zion-sati/NetWasm	530	74	478292	slnx-only
Wu030616/Triad	10	10	106270	sln
zluo001/modbus-master	2	4	3064	slnx-only
elmdodnirbrimoj9390-blip/HV	10	1	47559	sln
zh667/SurvivalCraftGenius	8	3	21772	slnx-only
AdriBuho/playfront	8	2	15885	slnx-only
MadestSamurai/bd2-fishing	12	7	5664	none
VietNguyenR/GamePingBooster	26	11	55786	sln
mechanicwb2-hub/now-playing-taskbar-widget	1	1	3993	none
divyviradiya2/ethertransfer	10	6	8302	slnx-only
SkyChenSky/DBPilot	45	17	22351	slnx-only
Dr-hydra/Arknights-Painter	13	4	8409	sln
agentthink/twin-data-collector	12	1	33036	sln
agentthink/modbus-studio	9	3	32981	sln
ScoopXDev/ScoopX	4	1	5011	slnx-only
markrussinovich/SemanticStart	14	5	24002	slnx-only
sdcb/HyMT2Sharp	9	5	23136	slnx-only
archivesteak/opensense	20	4	31443	sln
liyafe1997/dlna-screen-cast	61	14	13976	sln
lhzlhz419/ThinkBookToolkit	13	15	81726	sln
mimimi6666/Lilith-AI-Mod	3	3	7445	none
Hona/dotnet-opencode	102	14	92113	slnx-only
zachsaw/graphify-csharp	25	10	39318	sln
TheDoorIsUnlocked/VisionInspectionSystem	17	9	29878	sln
deanthecoder/Wolfenshine	16	2	19293	slnx-only
GaBoron/SATLI	23	4	18828	none
seekua/ArifCE	3	6	6856	slnx-only
Ding-Kyoma/AirFlash	7	3	6703	sln
mayuki/ReProgman	9	4	8213	slnx-only
dboudreau00/BruceEDR-Framework	22	3	54908	sln
zmodelerlover/AMD-NR-ReShade-Installer	4	5	29245	slnx-only
LunarConcerto/BlueRebirth	20	14	47642	sln
umr-xiaomai/SeekClaw	36	5	29733	slnx-only
kangarooking/Ta	69	31	79653	sln
CWS6206/EasySystemCleaner	1	1	140	none
zorrobyte/rimagent	5	2	14647	none
shadiao719/ImagePdfToolkit	6	1	2490	slnx-only
michelegibson/Tweaker	106	8	152561	sln
luolangaga/WinLand	21	10	32201	none
ckidwell/DMG-Godot-Starter-Template	1	1	1987	sln
alfr0762/ultracraft	1	1	11972	none
