repo	namespaces	projects	loc	solution
zion-sati/NetWasm	530	74	478292	slnx-only
Lertaro/Lertaro	350	66	219943	slnx-only
evangelosvlachos96-dotcom/booking-microservices	140	23	18896	sln
chenjie2010/BlueSolution	114	23	449474	sln
michelegibson/Tweaker	106	8	152561	sln
Hona/dotnet-opencode	102	14	92113	slnx-only
BYTEX-TRADE/bytex	98	31	177786	slnx-only
notinferred/keypaste	80	20	203026	slnx-only
kangarooking/Ta	69	31	79653	sln
liyafe1997/dlna-screen-cast	61	14	13976	sln
davidwhitney/JsxCore	51	9	26792	slnx-only
ky2421/Windows-Environment-Management-Platform-WEMP-	50	20	31322	sln
KnifeLemon/Filee	47	12	65288	slnx-only
Torch1230/CombatSolver	46	38	207135	none
SkyChenSky/DBPilot	45	17	22351	slnx-only
keeleycenc/cc-our-story	43	5	49058	sln
umr-xiaomai/SeekClaw	36	5	29733	slnx-only
CAPCOM-TD-OSS/REDox	36	31	91984	slnx-only
Matteo842/CrashBandicoot-Launcher	32	11	54560	sln
BlueHeisenberg/SCSKiller	28	5	66464	slnx-only
VietNguyenR/GamePingBooster	26	11	55786	sln
zachsaw/graphify-csharp	25	10	39318	sln
aelyo-softworks/AOTrino	24	21	10475	slnx-only
GaBoron/SATLI	23	4	18828	none
dboudreau00/BruceEDR-Framework	22	3	54908	sln
luolangaga/WinLand	21	10	32201	none
archivesteak/opensense	20	4	31443	sln
LunarConcerto/BlueRebirth	20	14	47642	sln
borexola/neolink.net	19	3	64429	sln
dboudreau00/Xault-Wallet	18	8	26508	sln
TheDoorIsUnlocked/VisionInspectionSystem	17	9	29878	sln
idlerunner00/procedural-pixel-creatures	16	2	28953	sln
deanthecoder/Wolfenshine	16	2	19293	slnx-only
markrussinovich/SemanticStart	14	5	24002	slnx-only
Smart-Paocai/VioletToolBox	14	2	79444	sln
lhzlhz419/ThinkBookToolkit	13	15	81726	sln
Dr-hydra/Arknights-Painter	13	4	8409	sln
yksr-melt/Meltype	12	6	27443	sln
agentthink/twin-data-collector	12	1	33036	sln
MadestSamurai/bd2-fishing	12	7	5664	none
star620/TraeTools	10	1	9469	none
elmdodnirbrimoj9390-blip/HV	10	1	47559	sln
divyviradiya2/ethertransfer	10	6	8302	slnx-only
Wu030616/Triad	10	10	106270	sln
ABING1111/BiliDesk	10	1	31416	sln
sdcb/HyMT2Sharp	9	5	23136	slnx-only
mayuki/ReProgman	9	4	8213	slnx-only
agentthink/modbus-studio	9	3	32981	sln
zh667/SurvivalCraftGenius	8	3	21772	slnx-only
li5bo5/WinKit	8	1	8026	none
CS-LX/CPURacer	8	8	7457	sln
AdriBuho/playfront	8	2	15885	slnx-only
zo1223/OpaiTV	7	3	30826	sln
Loopayeh/pkg-sender	7	7	11474	none
GlacierGlimmer/zmd-charge-plus	7	3	12479	sln
Ding-Kyoma/AirFlash	7	3	6703	sln
shadiao719/ImagePdfToolkit	6	1	2490	slnx-only
navysoto/wxhook	6	5	2640	sln
githubuser420x/FGOAC-scooby	6	1	37402	none
ch998244353/TuckPane	6	5	47369	slnx-only
Zsh123456-BOOP/stardew-together	6	3	25520	none
zorrobyte/rimagent	5	2	14647	none
youke1686/FlyDisk	5	1	16067	slnx-only
huaotem-bot/gezi-quark-downloader	5	2	19758	slnx-only
Hannah2227/douyin-favorite-MyLike	5	1	5455	slnx-only
zmodelerlover/AMD-NR-ReShade-Installer	4	5	29245	slnx-only
Vincent-Xi08/IntentRoute-AI	4	2	15225	none
ThioJoe/Thio-Background-App-Notifier	4	1	8355	slnx-only
ScoopXDev/ScoopX	4	1	5011	slnx-only
AlLHHH/ALH-Pro	4	3	77073	slnx-only
seekua/ArifCE	3	6	6856	slnx-only
mimimi6666/Lilith-AI-Mod	3	3	7445	none
zluo001/modbus-master	2	4	3064	slnx-only
wanvfx/ProxyNodeHub	2	4	13141	slnx-only
GEORGEWWWU/NotchPeninsula	2	1	28200	slnx-only
BlackLabelHQ/SymphonyRecomp	2	1	25734	none
mechanicwb2-hub/now-playing-taskbar-widget	1	1	3993	none
linzifeng07/RightClickGuardian	1	1	4440	none
ckidwell/DMG-Godot-Starter-Template	1	1	1987	sln
alfr0762/ultracraft	1	1	11972	none
Infinite-Heaven/SephiriaBackpackOrganizer	1	2	6906	none
CWS6206/EasySystemCleaner	1	1	140	none
