Unity-Technologies/unity-agent-plugin	no .csproj
loyal-studio/Honami-Animation-System	no .csproj
Suvitruf/box3d-unity	no .csproj
keijiro/Jacquard	Unity project
GenshinmasterJinHang/Miku-Material-Converter-Blender-to-Unity-	no .csproj
PudinKiller/VFXMeshLab	no .csproj
Xyhlo/SSPI	no .csproj
richlearntodo-debug/vibe-flow	no .csproj
Yokino337088/Revolution	Unity project
CureJe/sedentary-reminder	no .csproj
muxia0396/AxureDowngrade	no .csproj
ruccho/YAUI	Unity project
P4R1H/ohman	no .csproj
windsmoon/ImageToMeshAnim	Unity project
JDui/MMD2Unreal	no .csproj
WouterApts/openik-unity	no .csproj
Shinayakae/forzaluna	no .csproj
POPOPOinc/FastImageConversion	Unity project
