repo,url,tag,commit
evangelosvlachos96-dotcom/booking-microservices,https://github.com/evangelosvlachos96-dotcom/booking-microservices,,40789dcb8a17b5503ef5d61db408d9c6f8de6602
chenjie2010/BlueSolution,https://github.com/chenjie2010/BlueSolution,,7546bfde5336186c007e6c70b04562a117a20008
michelegibson/Tweaker,https://github.com/michelegibson/Tweaker,,837a65d2c50a5f60a50f29eeffb2162a97bc805b
kangarooking/Ta,https://github.com/kangarooking/Ta,windows-v0.1.0,7c93d2ef57bd9e0b17a4ef83ce12016ffb177fbc
liyafe1997/dlna-screen-cast,https://github.com/liyafe1997/dlna-screen-cast,1.2.0.0,38d127866cb8723ac99c8504d8c59185df00397d
ky2421/Windows-Environment-Management-Platform-WEMP-,https://github.com/ky2421/Windows-Environment-Management-Platform-WEMP-,v1.0.1,531c67e59fae54f0a7c5085796546d08c3c8a780
keeleycenc/cc-our-story,https://github.com/keeleycenc/cc-our-story,v1.7.1,174c0075ae0a74592b64fa7577605fdef8e7195e
Matteo842/CrashBandicoot-Launcher,https://github.com/Matteo842/CrashBandicoot-Launcher,2.1,df6767309961f1df1557357402a14c24d1d00d50
VietNguyenR/GamePingBooster,https://github.com/VietNguyenR/GamePingBooster,v0.4.6,d1cb84facc806c8c8ac41c0e23f1fb2701826eee
zachsaw/graphify-csharp,https://github.com/zachsaw/graphify-csharp,v0.2.1,18c3f8ec89381464a83cd8649420477a0ebf9112
dboudreau00/BruceEDR-Framework,https://github.com/dboudreau00/BruceEDR-Framework,v3.2.0,e6bb40d955674f3b0dec92484562be44275be327
archivesteak/opensense,https://github.com/archivesteak/opensense,v0.3.5,05e1d35373b3c68a049a9a1eb31ee7b66bf5c583
LunarConcerto/BlueRebirth,https://github.com/LunarConcerto/BlueRebirth,v1.2.1,474aeea713b75476b648843cb5a04047178ef3d5
borexola/neolink.net,https://github.com/borexola/neolink.net,v1.1.1,d6924fbe982609a8cc8743c4bd352e2d6e0bdc26
dboudreau00/Xault-Wallet,https://github.com/dboudreau00/Xault-Wallet,v0.6.0a-beta,20985eedf852b01f8097eb1a34b4db155c42139b
TheDoorIsUnlocked/VisionInspectionSystem,https://github.com/TheDoorIsUnlocked/VisionInspectionSystem,,e151da398138b8c2ed583c35c586e8c21074ed4b
idlerunner00/procedural-pixel-creatures,https://github.com/idlerunner00/procedural-pixel-creatures,,a2207c4bd6f1be51d426684cf58f11668def7579
Smart-Paocai/VioletToolBox,https://github.com/Smart-Paocai/VioletToolBox,v3.7,4018e635ab7846556f9861711de7e5cd47464b5c
lhzlhz419/ThinkBookToolkit,https://github.com/lhzlhz419/ThinkBookToolkit,v1.1.0,d096ccf30de98a0647c14e0b22da478f7c01f90a
Dr-hydra/Arknights-Painter,https://github.com/Dr-hydra/Arknights-Painter,v2.0.0,29908e334137d9f85c21283c1edd206ff6bcce97
yksr-melt/Meltype,https://github.com/yksr-melt/Meltype,v1.1.1,b60ca34e8937001b37cb73aff1e36de6232a46ec
agentthink/twin-data-collector,https://github.com/agentthink/twin-data-collector,,f4df3c2b2f9cf6de337faf941de1bf4f7b4a1ff9
elmdodnirbrimoj9390-blip/HV,https://github.com/elmdodnirbrimoj9390-blip/HV,,22960bb73b248c6a16fe67e74417d296ae73f2e0
Wu030616/Triad,https://github.com/Wu030616/Triad,,70e4b63acfc64b7000d24b42bdaced38d00e7132
ABING1111/BiliDesk,https://github.com/ABING1111/BiliDesk,v1.2.5,e01c3630f6ce75bc95936580604fe26bd5ff4be9
agentthink/modbus-studio,https://github.com/agentthink/modbus-studio,v1.0,178b9007c4ca18c7edf35f452641b7a839de021b
CS-LX/CPURacer,https://github.com/CS-LX/CPURacer,v1.4.0.0,861f1e9e492b718c7378602a84eac400636adb1c
zo1223/OpaiTV,https://github.com/zo1223/OpaiTV,v1.3.17,e137971afcca15d93b1c87f5eccd705bed82894c
GlacierGlimmer/zmd-charge-plus,https://github.com/GlacierGlimmer/zmd-charge-plus,v0.1.0,a77ab85e79ca1a9714a4770dc7ae6b38f993259c
Ding-Kyoma/AirFlash,https://github.com/Ding-Kyoma/AirFlash,reserved/0.3.3,67435a4e0df6a40e5e709e2b75dc9b24a457dda6
navysoto/wxhook,https://github.com/navysoto/wxhook,,fbccd52713f8cc7cd1023f852bf625af4fe38624
ckidwell/DMG-Godot-Starter-Template,https://github.com/ckidwell/DMG-Godot-Starter-Template,,5f0c081d63604bd5e6dcf072bdae7b39a180aedb
