Smell,Project,Namespace,Description,Responsible classes,Participating classes
Cyclic Dependency,ExHyperV,ExHyperV.Interaction,The tool detected the smell in this component because this component participates in a cyclic dependency. The participating components in the cycle are: ExHyperV.Interaction' ExHyperV.Views' ExHyperV.ViewModels,ExHyperV.Interaction.Dialogs' ExHyperV.Views.VmCpuAffinityView' ExHyperV.Views.VmExportView' ExHyperV.Views.VmSpacetimeSettingsView' ExHyperV.Views.VirtualMachinesPage' ExHyperV.Views.ConsoleWindow' ExHyperV.ViewModels.AddSwitchViewModel' ExHyperV.ViewModels.ConsoleViewModel' ExHyperV.ViewModels.DeviceViewModel' ExHyperV.ViewModels.HostPageViewModel' ExHyperV.ViewModels.MainPageViewModel' ExHyperV.ViewModels.USBPageViewModel,ExHyperV.Interaction.Dialogs' ExHyperV.Views.VmCpuAffinityView' ExHyperV.Views.VmExportView' ExHyperV.Views.VmSpacetimeSettingsView' ExHyperV.Views.VirtualMachinesPage' ExHyperV.Views.ConsoleWindow' ExHyperV.ViewModels.AddSwitchViewModel' ExHyperV.ViewModels.ConsoleViewModel' ExHyperV.ViewModels.DeviceViewModel' ExHyperV.ViewModels.HostPageViewModel' ExHyperV.ViewModels.MainPageViewModel' ExHyperV.ViewModels.USBPageViewModel
Cyclic Dependency,ExHyperV,ExHyperV.Models,The tool detected the smell in this component because this component participates in a cyclic dependency. The participating components in the cycle are: ExHyperV.Models' ExHyperV.Tools,ExHyperV.Models.GpuInfo' ExHyperV.Models.PartitionInfo' ExHyperV.Tools.Win32Api' ExHyperV.Tools.ListBoxDragDrop,ExHyperV.Models.GpuInfo' ExHyperV.Models.PartitionInfo' ExHyperV.Tools.Win32Api' ExHyperV.Tools.ListBoxDragDrop
Cyclic Dependency,ExHyperV,ExHyperV.ViewModels,The tool detected the smell in this component because this component participates in a cyclic dependency. The participating components in the cycle are: ExHyperV.ViewModels' ExHyperV.Views,ExHyperV.ViewModels.AddSwitchViewModel' ExHyperV.ViewModels.ConsoleViewModel' ExHyperV.ViewModels.DeviceViewModel' ExHyperV.ViewModels.HostPageViewModel' ExHyperV.ViewModels.MainPageViewModel' ExHyperV.ViewModels.USBPageViewModel' ExHyperV.Views.VmCpuAffinityView' ExHyperV.Views.VmExportView' ExHyperV.Views.VmSpacetimeSettingsView' ExHyperV.Views.VirtualMachinesPage' ExHyperV.Views.ConsoleWindow,ExHyperV.ViewModels.AddSwitchViewModel' ExHyperV.ViewModels.ConsoleViewModel' ExHyperV.ViewModels.DeviceViewModel' ExHyperV.ViewModels.HostPageViewModel' ExHyperV.ViewModels.MainPageViewModel' ExHyperV.ViewModels.USBPageViewModel' ExHyperV.Views.VmCpuAffinityView' ExHyperV.Views.VmExportView' ExHyperV.Views.VmSpacetimeSettingsView' ExHyperV.Views.VirtualMachinesPage' ExHyperV.Views.ConsoleWindow
Unstable Dependency,ExHyperV,ExHyperV,The tool detected the smell in this component because this component depends on other components that are less stable than itself. This component depends on following less stable component(s): ExHyperV.Services,ExHyperV.HostAzureFeatureSetService' ExHyperV.AppDataPaths' ExHyperV.SettingsService' ExHyperV.ArpSnoopService,ExHyperV.HostAzureFeatureSetService' ExHyperV.AppDataPaths' ExHyperV.SettingsService' ExHyperV.ArpSnoopService
Unstable Dependency,ExHyperV,ExHyperV.Interaction,The tool detected the smell in this component because this component depends on other components that are less stable than itself. This component depends on following less stable component(s): ExHyperV.Views,ExHyperV.Interaction.MainWindow' ExHyperV.Interaction.ConsoleWindow,ExHyperV.Interaction.MainWindow' ExHyperV.Interaction.ConsoleWindow
Unstable Dependency,ExHyperV,ExHyperV.Models,The tool detected the smell in this component because this component depends on other components that are less stable than itself. This component depends on following less stable component(s): ExHyperV.Tools,ExHyperV.Models.VectorIcons' ExHyperV.Models.VmMapper,ExHyperV.Models.VectorIcons' ExHyperV.Models.VmMapper
Unstable Dependency,ExHyperV,ExHyperV.Views,The tool detected the smell in this component because this component depends on other components that are less stable than itself. This component depends on following less stable component(s): ExHyperV.ViewModels' ExHyperV.Services,ExHyperV.Views.VmExportDiskItemViewModel' ExHyperV.Views.VirtualMachinesPageViewModel' ExHyperV.Views.HostPageViewModel' ExHyperV.Views.MainPageViewModel' ExHyperV.Views.SettingsPageViewModel' ExHyperV.Views.SwitchPageViewModel' ExHyperV.Views.VmQueryService' ExHyperV.Views.SettingsService' ExHyperV.Views.VmInputService' ExHyperV.Views.ConsoleViewModel,ExHyperV.Views.VmExportDiskItemViewModel' ExHyperV.Views.VirtualMachinesPageViewModel' ExHyperV.Views.HostPageViewModel' ExHyperV.Views.MainPageViewModel' ExHyperV.Views.SettingsPageViewModel' ExHyperV.Views.SwitchPageViewModel' ExHyperV.Views.VmQueryService' ExHyperV.Views.SettingsService' ExHyperV.Views.VmInputService' ExHyperV.Views.ConsoleViewModel
Ambiguous Interface,ExHyperV,ExHyperV.Views,The tool detected the smell in this component because the component provides only a single' general entry-point via the following class: VmSpacetimeSettingsView,ExHyperV.Views.VmSpacetimeSettingsView,ExHyperV.Views.VmSpacetimeSettingsView
God Component,ExHyperV,ExHyperV.Models,The tool detected the smell in this component because the component contains high number of classes. Number of classes in the component are: 53,ExHyperV.Models.AdapterInfo' ExHyperV.Models.BootOrderItem' ExHyperV.Models.DeviceInfo' ExHyperV.Models.GpuInfo' ExHyperV.Models.HostDiskInfo' ExHyperV.Models.HostOpticalInfo' ExHyperV.Models.OperatingSystemType' ExHyperV.Models.SpacetimeMode' ExHyperV.Models.SpacetimeNodeType' ExHyperV.Models.SshCredentials' ExHyperV.Models.SwitchMode' ExHyperV.Models.SwitchInfo' ExHyperV.Models.GpuTaskType' ExHyperV.Models.GpuTaskStatus' ExHyperV.Models.TaskItem' ExHyperV.Models.UsbDevice' ExHyperV.Models.UsbTargetVm' ExHyperV.Models.VmAdvancedBehaviorSettings' ExHyperV.Models.VmAdvancedBehavior' ExHyperV.Models.CoreType' ExHyperV.Models.VmCoreItem' ExHyperV.Models.VmCoreMetric' ExHyperV.Models.VmCreationParams' ExHyperV.Models.VmGpuAssignment,ExHyperV.Models.AdapterInfo' ExHyperV.Models.BootOrderItem' ExHyperV.Models.DeviceInfo' ExHyperV.Models.GpuInfo' ExHyperV.Models.HostDiskInfo' ExHyperV.Models.HostOpticalInfo' ExHyperV.Models.LinuxScriptItem' ExHyperV.Models.OperatingSystemType' ExHyperV.Models.PartitionInfo' ExHyperV.Models.SpacetimeMode' ExHyperV.Models.SpacetimeNodeType' ExHyperV.Models.SpacetimeNode' ExHyperV.Models.SshCredentials' ExHyperV.Models.SwitchMode' ExHyperV.Models.SwitchInfo' ExHyperV.Models.GpuTaskType' ExHyperV.Models.GpuTaskStatus' ExHyperV.Models.TaskItem' ExHyperV.Models.UsbDevice' ExHyperV.Models.UsbTargetVm' ExHyperV.Models.VmAdvancedBehaviorSettings' ExHyperV.Models.VmAdvancedBehavior' ExHyperV.Models.CoreType' ExHyperV.Models.VmCoreItem' ExHyperV.Models.VmCoreMetric' ExHyperV.Models.VmCreationParams' ExHyperV.Models.VmDiskItem' ExHyperV.Models.VmGpuAssignment' ExHyperV.Models.VmImportSourceKind' ExHyperV.Models.VmImportPlacementMode' ExHyperV.Models.VmImportDiskPreview' ExHyperV.Models.VmImportNetworkPreview' ExHyperV.Models.VmImportCheckpointPreview' ExHyperV.Models.VmImportPreview' ExHyperV.Models.VmInstance' ExHyperV.Models.PageSizeItem' ExHyperV.Models.VmMemorySettings' ExHyperV.Models.VmMmioSettings' ExHyperV.Models.VlanOperationMode' ExHyperV.Models.PvlanMode' ExHyperV.Models.PortMonitorMode' ExHyperV.Models.VmNetworkAdapter' ExHyperV.Models.VmPcieGuestMode' ExHyperV.Models.VmPcieSettings' ExHyperV.Models.VmPcieDeviceSetting' ExHyperV.Models.SmtMode' ExHyperV.Models.VmApicMode' ExHyperV.Models.L3DistributionPolicy' ExHyperV.Models.PageShatterMode' ExHyperV.Models.LpiMode' ExHyperV.Models.VmMigrationCompatibilityMode' ExHyperV.Models.VmProcessorSettings' ExHyperV.Models.VmStorageItem
God Component,ExHyperV,ExHyperV.Services,The tool detected the smell in this component because the component contains high number of classes. Number of classes in the component are: 86,ExHyperV.Services.HostPlatform' ExHyperV.Services.HyperVSchedulerType' ExHyperV.Services.PortConnectionKind' ExHyperV.Services.MmioCheckResultType' ExHyperV.Services.PCIeOpType' ExHyperV.Services.AppInfoService' ExHyperV.Services.GitHubRelease' ExHyperV.Services.TaskbarProgressOperation' ExHyperV.Services.EVENT_TRACE_LOGFILEW' ExHyperV.Services.LOGICAL_PROCESSOR_RELATIONSHIP' ExHyperV.Services.SYSTEM_LOGICAL_PROCESSOR_INFORMATION_EX' ExHyperV.Services.PROCESSOR_RELATIONSHIP' ExHyperV.Services.GROUP_AFFINITY' ExHyperV.Services.GpuDriverVendor' ExHyperV.Services.GpuDriverPackagePlan' ExHyperV.Services.GuestStateIsolationTypeValue' ExHyperV.Services.VmExportPackageMode' ExHyperV.Services.VmExportPackageStage' ExHyperV.Services.VmExportCheckpointMode' ExHyperV.Services.FilePromotionMode' ExHyperV.Services.VmDiskTarget' ExHyperV.Services.VmDynamicMemoryData' ExHyperV.Services.GpuUsageData' ExHyperV.Services.HostDiskInfoCache' ExHyperV.Services.AppDataPaths' ExHyperV.Services.SshCommandErrorException' ExHyperV.Services.SshCommandResult' ExHyperV.Services.VmEditService' ExHyperV.Services.VmExportAccessService' ExHyperV.Services.VmInputService' ExHyperV.Services.HostPlatformService' ExHyperV.Services.HostVolumeAutoMountService' ExHyperV.Services.HyperVGpuPolicyService' ExHyperV.Services.HyperVNumaService' ExHyperV.Services.SystemInfoService' ExHyperV.Services.VmAdvancedBehaviorService' ExHyperV.Services.VmFolderAccessService' ExHyperV.Services.VmImportSession' ExHyperV.Services.VmImportBatchSession' ExHyperV.Services.ZipCrc32' ExHyperV.Services.VmIpService' ExHyperV.Services.NetworkCounterSet' ExHyperV.Services.VmVideoService' ExHyperV.Services.HostNvmeService' ExHyperV.Services.HostOpenHclService' ExHyperV.Services.IsoBuilderService' ExHyperV.Services.GpuMemoryResolver' ExHyperV.Services.ProcessAffinityService' ExHyperV.Services.VmScreenshotService' ExHyperV.Services.HostAzureFeatureSetService' ExHyperV.Services.HostDiskService' ExHyperV.Services.VmConsoleService' ExHyperV.Services.VmMemoryService' ExHyperV.Services.VmPowerService' ExHyperV.Services.HyperVHostSettingsService' ExHyperV.Services.HyperVSchedulerService' ExHyperV.Services.SystemTypeService,ExHyperV.Services.HostAzureFeatureSetService' ExHyperV.Services.HostDiskService' ExHyperV.Services.HostNvmeService' ExHyperV.Services.HostOpenHclService' ExHyperV.Services.HostPlatform' ExHyperV.Services.HostPlatformService' ExHyperV.Services.HostPowerPlanService' ExHyperV.Services.HostVolumeAutoMountService' ExHyperV.Services.HyperVGpuPolicyService' ExHyperV.Services.HyperVHostService' ExHyperV.Services.HyperVHostSettingsService' ExHyperV.Services.HyperVNumaService' ExHyperV.Services.HyperVSchedulerType' ExHyperV.Services.HyperVSchedulerService' ExHyperV.Services.HyperVSwitchService' ExHyperV.Services.PortConnectionKind' ExHyperV.Services.MmioCheckResultType' ExHyperV.Services.PCIeService' ExHyperV.Services.PCIeOpType' ExHyperV.Services.SystemInfoService' ExHyperV.Services.SystemTypeService' ExHyperV.Services.AppDataPaths' ExHyperV.Services.AppInfoService' ExHyperV.Services.IsoBuilderService' ExHyperV.Services.GitHubRelease' ExHyperV.Services.SettingsService' ExHyperV.Services.SshCommandErrorException' ExHyperV.Services.SshCommandResult' ExHyperV.Services.SshService' ExHyperV.Services.TaskbarProgressOperation' ExHyperV.Services.TaskbarProgressService' ExHyperV.Services.UsbVmbusService' ExHyperV.Services.ArpSnoopService' ExHyperV.Services.EVENT_TRACE_LOGFILEW' ExHyperV.Services.CpuAffinityService' ExHyperV.Services.CpuMonitorService' ExHyperV.Services.LOGICAL_PROCESSOR_RELATIONSHIP' ExHyperV.Services.SYSTEM_LOGICAL_PROCESSOR_INFORMATION_EX' ExHyperV.Services.PROCESSOR_RELATIONSHIP' ExHyperV.Services.GROUP_AFFINITY' ExHyperV.Services.GpuDriverVendor' ExHyperV.Services.GpuDriverPackagePlan' ExHyperV.Services.GpuDriverPackageResolver' ExHyperV.Services.GpuMemoryResolver' ExHyperV.Services.ProcessAffinityService' ExHyperV.Services.VmAdvancedBehaviorService' ExHyperV.Services.VmBatteryService' ExHyperV.Services.VmBootService' ExHyperV.Services.VmConsoleService' ExHyperV.Services.VmCreateService' ExHyperV.Services.GuestStateIsolationTypeValue' ExHyperV.Services.VmDeleteService' ExHyperV.Services.VmEditService' ExHyperV.Services.VmExportAccessService' ExHyperV.Services.VmExportPackageMode' ExHyperV.Services.VmExportPackageStage' ExHyperV.Services.VmExportPackagingService' ExHyperV.Services.VmExportCheckpointMode' ExHyperV.Services.VmExportService' ExHyperV.Services.VmFolderAccessService' ExHyperV.Services.VmGpuRepairService' ExHyperV.Services.VmGpuService' ExHyperV.Services.FilePromotionMode' ExHyperV.Services.VmDiskTarget' ExHyperV.Services.VmImportSession' ExHyperV.Services.VmImportBatchSession' ExHyperV.Services.VmImportService' ExHyperV.Services.ZipCrc32' ExHyperV.Services.VmInputService' ExHyperV.Services.VmIpService' ExHyperV.Services.VmMemoryService' ExHyperV.Services.VmMmioService' ExHyperV.Services.VmNetworkService' ExHyperV.Services.VmPcieService' ExHyperV.Services.VmPowerService' ExHyperV.Services.VmProcessorService' ExHyperV.Services.VmQueryService' ExHyperV.Services.VmDynamicMemoryData' ExHyperV.Services.GpuUsageData' ExHyperV.Services.NetworkCounterSet' ExHyperV.Services.VmScreenshotService' ExHyperV.Services.VmSecurityService' ExHyperV.Services.VmSpacetimeService' ExHyperV.Services.VmStorageService' ExHyperV.Services.HostDiskInfoCache' ExHyperV.Services.VmVideoService
God Component,ExHyperV,ExHyperV.Tools,The tool detected the smell in this component because the component contains high number of classes. Number of classes in the component are: 67,ExHyperV.Tools.ApiErrorSource' ExHyperV.Tools.DismLogLevel' ExHyperV.Tools.DismPackageIdentifier' ExHyperV.Tools.HcsCpuGroupDetail' ExHyperV.Tools.HcsCpuGroupAffinity' ExHyperV.Tools.HcsCpuGroupQueryResult' ExHyperV.Tools.HcsCpuGroupProperties' ExHyperV.Tools.PciDeviceInfo' ExHyperV.Tools.SP_DEVINFO_DATA' ExHyperV.Tools.SP_CLASSINSTALL_HEADER' ExHyperV.Tools.SP_PROPCHANGE_PARAMS' ExHyperV.Tools.DEVPROPKEY' ExHyperV.Tools.LUID' ExHyperV.Tools.TOKEN_PRIVILEGES' ExHyperV.Tools.LUID_AND_ATTRIBUTES' ExHyperV.Tools.WmiScope' ExHyperV.Tools.DragMoveArgs' ExHyperV.Tools.RdpConnectionSettings' ExHyperV.Tools.IcsException' ExHyperV.Tools.IcsTargetNotFoundException' ExHyperV.Tools.HcsException' ExHyperV.Tools.GpuImages' ExHyperV.Tools.GridLayoutMath' ExHyperV.Tools.OsImages' ExHyperV.Tools.TaskExtensions' ExHyperV.Tools.VectorIcons' ExHyperV.Tools.WmiConnectionCache' ExHyperV.Tools.StretchUniformGrid' ExHyperV.Tools.Bcdedit' ExHyperV.Tools.DeviceIcons' ExHyperV.Tools.MacAddress' ExHyperV.Tools.NotesTag' ExHyperV.Tools.ApiResponse' ExHyperV.Tools.WmiContext' ExHyperV.Tools.AutoFocus' ExHyperV.Tools.FriendlyError' ExHyperV.Tools.HyperVEndPoint' ExHyperV.Tools.PciIds,ExHyperV.Tools.ApiErrorSource' ExHyperV.Tools.ApiResponse<T>' ExHyperV.Tools.ApiResponse' ExHyperV.Tools.ComApi' ExHyperV.Tools.MobileHotspotInterop' ExHyperV.Tools.IcsCore' ExHyperV.Tools.IcsException' ExHyperV.Tools.IcsTargetNotFoundException' ExHyperV.Tools.DismApi' ExHyperV.Tools.DismNativeMethods' ExHyperV.Tools.DismLogLevel' ExHyperV.Tools.DismPackageIdentifier' ExHyperV.Tools.HcsCpuGroupDetail' ExHyperV.Tools.HcsCpuGroupAffinity' ExHyperV.Tools.HcsCpuGroupQueryResult' ExHyperV.Tools.HcsCpuGroupProperties' ExHyperV.Tools.HcsApi' ExHyperV.Tools.HcsCore' ExHyperV.Tools.HcsException' ExHyperV.Tools.VmbusApi' ExHyperV.Tools.VmbusNative' ExHyperV.Tools.Win32Api' ExHyperV.Tools.PciDeviceInfo' ExHyperV.Tools.NativeMethods' ExHyperV.Tools.SP_DEVINFO_DATA' ExHyperV.Tools.SP_CLASSINSTALL_HEADER' ExHyperV.Tools.SP_PROPCHANGE_PARAMS' ExHyperV.Tools.DEVPROPKEY' ExHyperV.Tools.LUID' ExHyperV.Tools.TOKEN_PRIVILEGES' ExHyperV.Tools.LUID_AND_ATTRIBUTES' ExHyperV.Tools.WmiScope' ExHyperV.Tools.WmiContext' ExHyperV.Tools.WmiConnectionCache' ExHyperV.Tools.WmiApi' ExHyperV.Tools.ManagementObjectExtensions' ExHyperV.Tools.AutoFocus' ExHyperV.Tools.EventToCommand' ExHyperV.Tools.FluidMove' ExHyperV.Tools.Tracker' ExHyperV.Tools.ListBoxDragDrop' ExHyperV.Tools.DragState' ExHyperV.Tools.DragMoveArgs' ExHyperV.Tools.ParentScrollLock' ExHyperV.Tools.SmoothScroll' ExHyperV.Tools.ScrollAnimation' ExHyperV.Tools.MsRdpAxHost' ExHyperV.Tools.RdpClientHost' ExHyperV.Tools.RdpConnectionSettings' ExHyperV.Tools.StretchUniformGrid' ExHyperV.Tools.SwitchTopology' ExHyperV.Tools.Bcdedit' ExHyperV.Tools.CpuId' ExHyperV.Tools.DeviceIcons' ExHyperV.Tools.DiskParser' ExHyperV.Tools.FriendlyError' ExHyperV.Tools.GpuImages' ExHyperV.Tools.GridLayoutMath' ExHyperV.Tools.HyperVEndPoint' ExHyperV.Tools.Ipv4' ExHyperV.Tools.MacAddress' ExHyperV.Tools.NotesTag' ExHyperV.Tools.OsImages' ExHyperV.Tools.PciIds' ExHyperV.Tools.TaskExtensions' ExHyperV.Tools.VectorIcons' ExHyperV.Tools.VmMapper
God Component,ExHyperV,ExHyperV.Views,The tool detected the smell in this component because the component contains high number of classes. Number of classes in the component are: 32,ExHyperV.Views.POINT' ExHyperV.Views.MINMAXINFO' ExHyperV.Views.RECT,ExHyperV.Views.VmAddGpuProgressView' ExHyperV.Views.VmAddGpuSelectView' ExHyperV.Views.VmAddStorageView' ExHyperV.Views.VmAdvancedSettingsView' ExHyperV.Views.VmBootSettingsView' ExHyperV.Views.VmCpuAffinityView' ExHyperV.Views.VmCpuSettingsView' ExHyperV.Views.VmCreateView' ExHyperV.Views.VmDashboardView' ExHyperV.Views.VmExportView' ExHyperV.Views.VmGpuSettingsView' ExHyperV.Views.VmImportView' ExHyperV.Views.VmNetSettingsView' ExHyperV.Views.VmPcieSettingsView' ExHyperV.Views.VmRamSettingsView' ExHyperV.Views.VmSecuritySettingsView' ExHyperV.Views.VmSpacetimeSettingsView' ExHyperV.Views.VmStorageSettingsView' ExHyperV.Views.AddSwitchView' ExHyperV.Views.HostPage' ExHyperV.Views.MainPage' ExHyperV.Views.PCIePage' ExHyperV.Views.SettingsPage' ExHyperV.Views.SwitchPage' ExHyperV.Views.USBPage' ExHyperV.Views.VirtualMachinesPage' ExHyperV.Views.ConsoleWindow' ExHyperV.Views.POINT' ExHyperV.Views.MINMAXINFO' ExHyperV.Views.RECT' ExHyperV.Views.MONITORINFO' ExHyperV.Views.MainWindow
Feature Concentration,ExHyperV,ExHyperV.Converters,The tool detected the smell in this component because the component realizes more than one architectural concern/feature. Independent sets of related classes within this component are: [BooleanToVisibilityConverter]' [ByteToBooleanConverter]' [CommandParameterConverter]' [CpuEnumDisplayConverter]' [DiskTypeToTextConverter]' [EqualityConverter]' [EqualityToVisibilityConverter]' [GpuImagePathConverter]' [IntListToStringConverter]' [InverseBooleanConverter]' [IsolationTypeDisplayConverter]' [NullableToBooleanConverter]' [OsTypeToImageConverter]' [PropSupportedConverter]' [ScalePointsConverter]' [StringToVisibilityConverter]' [VlanModeToVisibilityConverter]' [VmNameToIconConverter]. LCC (Lack of Component Cohesion) = 1,ExHyperV.Converters.ByteToBooleanConverter' ExHyperV.Converters.CommandParameterConverter' ExHyperV.Converters.CpuEnumDisplayConverter' ExHyperV.Converters.DiskTypeToTextConverter' ExHyperV.Converters.EqualityConverter' ExHyperV.Converters.EqualityToVisibilityConverter' ExHyperV.Converters.GpuImagePathConverter' ExHyperV.Converters.IntListToStringConverter' ExHyperV.Converters.InverseBooleanConverter' ExHyperV.Converters.IsolationTypeDisplayConverter' ExHyperV.Converters.NullableToBooleanConverter' ExHyperV.Converters.OsTypeToImageConverter' ExHyperV.Converters.PropSupportedConverter' ExHyperV.Converters.ScalePointsConverter' ExHyperV.Converters.StringToVisibilityConverter' ExHyperV.Converters.VlanModeToVisibilityConverter' ExHyperV.Converters.VmNameToIconConverter,ExHyperV.Converters.BooleanToVisibilityConverter' ExHyperV.Converters.ByteToBooleanConverter' ExHyperV.Converters.CommandParameterConverter' ExHyperV.Converters.CpuEnumDisplayConverter' ExHyperV.Converters.DiskTypeToTextConverter' ExHyperV.Converters.EqualityConverter' ExHyperV.Converters.EqualityToVisibilityConverter' ExHyperV.Converters.GpuImagePathConverter' ExHyperV.Converters.IntListToStringConverter' ExHyperV.Converters.InverseBooleanConverter' ExHyperV.Converters.IsolationTypeDisplayConverter' ExHyperV.Converters.NullableToBooleanConverter' ExHyperV.Converters.OsTypeToImageConverter' ExHyperV.Converters.PropSupportedConverter' ExHyperV.Converters.ScalePointsConverter' ExHyperV.Converters.StringToVisibilityConverter' ExHyperV.Converters.VlanModeToVisibilityConverter' ExHyperV.Converters.VmNameToIconConverter
Feature Concentration,ExHyperV,ExHyperV.Models,The tool detected the smell in this component because the component realizes more than one architectural concern/feature. Independent sets of related classes within this component are: [AdapterInfo]' [BootOrderItem' VmInstance' VmMemorySettings' VmMmioSettings' VmNetworkAdapter' VmProcessorSettings' VmStorageItem' VmDiskItem' VmGpuAssignment' PageSizeItem' VlanOperationMode' PvlanMode' PortMonitorMode' SmtMode' VmApicMode' L3DistributionPolicy' PageShatterMode' LpiMode' VmMigrationCompatibilityMode]' [DeviceInfo]' [GpuInfo]' [HostDiskInfo]' [HostOpticalInfo]' [LinuxScriptItem]' [OperatingSystemType' PartitionInfo]' [SpacetimeMode]' [SpacetimeNodeType' SpacetimeNode]' [SshCredentials]' [SwitchMode' SwitchInfo]' [GpuTaskType' TaskItem' GpuTaskStatus]' [UsbDevice]' [UsbTargetVm]' [VmAdvancedBehaviorSettings]' [VmAdvancedBehavior]' [CoreType' VmCoreItem]' [VmCoreMetric]' [VmCreationParams]' [VmImportSourceKind]' [VmImportPlacementMode]' [VmImportDiskPreview' VmImportPreview' VmImportNetworkPreview' VmImportCheckpointPreview]' [VmPcieGuestMode' VmPcieDeviceSetting' VmPcieSettings]. LCC (Lack of Component Cohesion) = 0'45,ExHyperV.Models.SwitchMode' ExHyperV.Models.SwitchInfo' ExHyperV.Models.CoreType' ExHyperV.Models.VmCoreItem' ExHyperV.Models.AdapterInfo' ExHyperV.Models.DeviceInfo' ExHyperV.Models.GpuInfo' ExHyperV.Models.HostDiskInfo' ExHyperV.Models.HostOpticalInfo' ExHyperV.Models.LinuxScriptItem' ExHyperV.Models.SpacetimeMode' ExHyperV.Models.SshCredentials' ExHyperV.Models.UsbDevice' ExHyperV.Models.UsbTargetVm' ExHyperV.Models.VmAdvancedBehaviorSettings' ExHyperV.Models.VmAdvancedBehavior' ExHyperV.Models.VmCoreMetric' ExHyperV.Models.VmCreationParams' ExHyperV.Models.VmImportSourceKind' ExHyperV.Models.VmImportPlacementMode,ExHyperV.Models.AdapterInfo' ExHyperV.Models.BootOrderItem' ExHyperV.Models.DeviceInfo' ExHyperV.Models.GpuInfo' ExHyperV.Models.HostDiskInfo' ExHyperV.Models.HostOpticalInfo' ExHyperV.Models.LinuxScriptItem' ExHyperV.Models.OperatingSystemType' ExHyperV.Models.PartitionInfo' ExHyperV.Models.SpacetimeMode' ExHyperV.Models.SpacetimeNodeType' ExHyperV.Models.SpacetimeNode' ExHyperV.Models.SshCredentials' ExHyperV.Models.SwitchMode' ExHyperV.Models.SwitchInfo' ExHyperV.Models.GpuTaskType' ExHyperV.Models.GpuTaskStatus' ExHyperV.Models.TaskItem' ExHyperV.Models.UsbDevice' ExHyperV.Models.UsbTargetVm' ExHyperV.Models.VmAdvancedBehaviorSettings' ExHyperV.Models.VmAdvancedBehavior' ExHyperV.Models.CoreType' ExHyperV.Models.VmCoreItem' ExHyperV.Models.VmCoreMetric' ExHyperV.Models.VmCreationParams' ExHyperV.Models.VmDiskItem' ExHyperV.Models.VmGpuAssignment' ExHyperV.Models.VmImportSourceKind' ExHyperV.Models.VmImportPlacementMode' ExHyperV.Models.VmImportDiskPreview' ExHyperV.Models.VmImportNetworkPreview' ExHyperV.Models.VmImportCheckpointPreview' ExHyperV.Models.VmImportPreview' ExHyperV.Models.VmInstance' ExHyperV.Models.PageSizeItem' ExHyperV.Models.VmMemorySettings' ExHyperV.Models.VmMmioSettings' ExHyperV.Models.VlanOperationMode' ExHyperV.Models.PvlanMode' ExHyperV.Models.PortMonitorMode' ExHyperV.Models.VmNetworkAdapter' ExHyperV.Models.VmPcieGuestMode' ExHyperV.Models.VmPcieSettings' ExHyperV.Models.VmPcieDeviceSetting' ExHyperV.Models.SmtMode' ExHyperV.Models.VmApicMode' ExHyperV.Models.L3DistributionPolicy' ExHyperV.Models.PageShatterMode' ExHyperV.Models.LpiMode' ExHyperV.Models.VmMigrationCompatibilityMode' ExHyperV.Models.VmProcessorSettings' ExHyperV.Models.VmStorageItem
Feature Concentration,ExHyperV,ExHyperV.Services,The tool detected the smell in this component because the component realizes more than one architectural concern/feature. Independent sets of related classes within this component are: [HostAzureFeatureSetService' VmCreateService' GuestStateIsolationTypeValue' VmDeleteService' VmExportCheckpointMode' VmExportService' VmImportService' ZipCrc32' VmMemoryService' VmNetworkService' VmPcieService' VmPowerService' VmProcessorService' VmSpacetimeService' VmStorageService' HostDiskInfoCache' HostDiskService' VmGpuService' FilePromotionMode' VmDiskTarget' VmIpService' VmMmioService' VmQueryService' VmDynamicMemoryData' GpuUsageData' NetworkCounterSet' HostOpenHclService' HyperVGpuPolicyService' HyperVHostService' HyperVSchedulerService' PCIeService' PCIeOpType' CpuAffinityService' ProcessAffinityService' HyperVSchedulerType' HyperVSwitchService' PortConnectionKind' MmioCheckResultType' AppDataPaths' SettingsService' IsoBuilderService' GitHubRelease' SshCommandErrorException' SshService' SshCommandResult' ArpSnoopService' EVENT_TRACE_LOGFILEW' GpuDriverVendor' GpuDriverPackagePlan' GpuDriverPackageResolver' GpuMemoryResolver' VmBootService' VmExportAccessService' VmExportPackagingService' VmExportPackageMode' VmExportPackageStage' VmImportSession' VmImportBatchSession' VmScreenshotService]' [HostNvmeService]' [HostPlatform' HostPlatformService]' [HostPowerPlanService]' [HostVolumeAutoMountService]' [HyperVHostSettingsService]' [HyperVNumaService]' [SystemInfoService]' [SystemTypeService]' [AppInfoService]' [TaskbarProgressOperation' TaskbarProgressService]' [UsbVmbusService]' [CpuMonitorService' LOGICAL_PROCESSOR_RELATIONSHIP' SYSTEM_LOGICAL_PROCESSOR_INFORMATION_EX' PROCESSOR_RELATIONSHIP' GROUP_AFFINITY]' [VmAdvancedBehaviorService]' [VmBatteryService]' [VmConsoleService]' [VmEditService]' [VmFolderAccessService]' [VmGpuRepairService]' [VmInputService]' [VmSecurityService]' [VmVideoService]. LCC (Lack of Component Cohesion) = 0'26,ExHyperV.Services.VmConsoleService' ExHyperV.Services.VmEditService' ExHyperV.Services.VmFolderAccessService' ExHyperV.Services.VmGpuRepairService' ExHyperV.Services.VmInputService' ExHyperV.Services.VmSecurityService' ExHyperV.Services.VmVideoService,ExHyperV.Services.HostAzureFeatureSetService' ExHyperV.Services.HostDiskService' ExHyperV.Services.HostNvmeService' ExHyperV.Services.HostOpenHclService' ExHyperV.Services.HostPlatform' ExHyperV.Services.HostPlatformService' ExHyperV.Services.HostPowerPlanService' ExHyperV.Services.HostVolumeAutoMountService' ExHyperV.Services.HyperVGpuPolicyService' ExHyperV.Services.HyperVHostService' ExHyperV.Services.HyperVHostSettingsService' ExHyperV.Services.HyperVNumaService' ExHyperV.Services.HyperVSchedulerType' ExHyperV.Services.HyperVSchedulerService' ExHyperV.Services.HyperVSwitchService' ExHyperV.Services.PortConnectionKind' ExHyperV.Services.MmioCheckResultType' ExHyperV.Services.PCIeService' ExHyperV.Services.PCIeOpType' ExHyperV.Services.SystemInfoService' ExHyperV.Services.SystemTypeService' ExHyperV.Services.AppDataPaths' ExHyperV.Services.AppInfoService' ExHyperV.Services.IsoBuilderService' ExHyperV.Services.GitHubRelease' ExHyperV.Services.SettingsService' ExHyperV.Services.SshCommandErrorException' ExHyperV.Services.SshCommandResult' ExHyperV.Services.SshService' ExHyperV.Services.TaskbarProgressOperation' ExHyperV.Services.TaskbarProgressService' ExHyperV.Services.UsbVmbusService' ExHyperV.Services.ArpSnoopService' ExHyperV.Services.EVENT_TRACE_LOGFILEW' ExHyperV.Services.CpuAffinityService' ExHyperV.Services.CpuMonitorService' ExHyperV.Services.LOGICAL_PROCESSOR_RELATIONSHIP' ExHyperV.Services.SYSTEM_LOGICAL_PROCESSOR_INFORMATION_EX' ExHyperV.Services.PROCESSOR_RELATIONSHIP' ExHyperV.Services.GROUP_AFFINITY' ExHyperV.Services.GpuDriverVendor' ExHyperV.Services.GpuDriverPackagePlan' ExHyperV.Services.GpuDriverPackageResolver' ExHyperV.Services.GpuMemoryResolver' ExHyperV.Services.ProcessAffinityService' ExHyperV.Services.VmAdvancedBehaviorService' ExHyperV.Services.VmBatteryService' ExHyperV.Services.VmBootService' ExHyperV.Services.VmConsoleService' ExHyperV.Services.VmCreateService' ExHyperV.Services.GuestStateIsolationTypeValue' ExHyperV.Services.VmDeleteService' ExHyperV.Services.VmEditService' ExHyperV.Services.VmExportAccessService' ExHyperV.Services.VmExportPackageMode' ExHyperV.Services.VmExportPackageStage' ExHyperV.Services.VmExportPackagingService' ExHyperV.Services.VmExportCheckpointMode' ExHyperV.Services.VmExportService' ExHyperV.Services.VmFolderAccessService' ExHyperV.Services.VmGpuRepairService' ExHyperV.Services.VmGpuService' ExHyperV.Services.FilePromotionMode' ExHyperV.Services.VmDiskTarget' ExHyperV.Services.VmImportSession' ExHyperV.Services.VmImportBatchSession' ExHyperV.Services.VmImportService' ExHyperV.Services.ZipCrc32' ExHyperV.Services.VmInputService' ExHyperV.Services.VmIpService' ExHyperV.Services.VmMemoryService' ExHyperV.Services.VmMmioService' ExHyperV.Services.VmNetworkService' ExHyperV.Services.VmPcieService' ExHyperV.Services.VmPowerService' ExHyperV.Services.VmProcessorService' ExHyperV.Services.VmQueryService' ExHyperV.Services.VmDynamicMemoryData' ExHyperV.Services.GpuUsageData' ExHyperV.Services.NetworkCounterSet' ExHyperV.Services.VmScreenshotService' ExHyperV.Services.VmSecurityService' ExHyperV.Services.VmSpacetimeService' ExHyperV.Services.VmStorageService' ExHyperV.Services.HostDiskInfoCache' ExHyperV.Services.VmVideoService
Feature Concentration,ExHyperV,ExHyperV.Tools,The tool detected the smell in this component because the component realizes more than one architectural concern/feature. Independent sets of related classes within this component are: [ApiErrorSource' ApiResponse<T>' ApiResponse' ComApi' MobileHotspotInterop' IcsCore' IcsException' IcsTargetNotFoundException' DismApi' DismNativeMethods' DismLogLevel' DismPackageIdentifier' HcsApi' HcsCore' HcsException' VmbusApi' VmbusNative' Win32Api' PciDeviceInfo' NativeMethods' SP_DEVINFO_DATA' SP_CLASSINSTALL_HEADER' SP_PROPCHANGE_PARAMS' DEVPROPKEY' LUID' TOKEN_PRIVILEGES' LUID_AND_ATTRIBUTES' WmiApi' HcsCpuGroupDetail' HcsCpuGroupAffinity' HcsCpuGroupProperties' HcsCpuGroupQueryResult' WmiScope' WmiContext' WmiConnectionCache]' [ManagementObjectExtensions]' [AutoFocus]' [EventToCommand]' [FluidMove' Tracker]' [ListBoxDragDrop' DragState' DragMoveArgs]' [ParentScrollLock]' [SmoothScroll' ScrollAnimation]' [MsRdpAxHost' RdpClientHost' RdpConnectionSettings]' [StretchUniformGrid]' [SwitchTopology' DeviceIcons]' [Bcdedit]' [CpuId]' [DiskParser]' [FriendlyError]' [GpuImages]' [GridLayoutMath]' [HyperVEndPoint]' [Ipv4]' [MacAddress]' [NotesTag]' [OsImages]' [PciIds]' [TaskExtensions]' [VectorIcons]' [VmMapper]. LCC (Lack of Component Cohesion) = 0'39,ExHyperV.Tools.ParentScrollLock' ExHyperV.Tools.StretchUniformGrid' ExHyperV.Tools.Bcdedit' ExHyperV.Tools.CpuId' ExHyperV.Tools.DiskParser' ExHyperV.Tools.FriendlyError' ExHyperV.Tools.GpuImages' ExHyperV.Tools.GridLayoutMath' ExHyperV.Tools.HyperVEndPoint' ExHyperV.Tools.Ipv4' ExHyperV.Tools.MacAddress' ExHyperV.Tools.NotesTag' ExHyperV.Tools.OsImages' ExHyperV.Tools.PciIds' ExHyperV.Tools.TaskExtensions' ExHyperV.Tools.VectorIcons' ExHyperV.Tools.VmMapper,ExHyperV.Tools.ApiErrorSource' ExHyperV.Tools.ApiResponse<T>' ExHyperV.Tools.ApiResponse' ExHyperV.Tools.ComApi' ExHyperV.Tools.MobileHotspotInterop' ExHyperV.Tools.IcsCore' ExHyperV.Tools.IcsException' ExHyperV.Tools.IcsTargetNotFoundException' ExHyperV.Tools.DismApi' ExHyperV.Tools.DismNativeMethods' ExHyperV.Tools.DismLogLevel' ExHyperV.Tools.DismPackageIdentifier' ExHyperV.Tools.HcsCpuGroupDetail' ExHyperV.Tools.HcsCpuGroupAffinity' ExHyperV.Tools.HcsCpuGroupQueryResult' ExHyperV.Tools.HcsCpuGroupProperties' ExHyperV.Tools.HcsApi' ExHyperV.Tools.HcsCore' ExHyperV.Tools.HcsException' ExHyperV.Tools.VmbusApi' ExHyperV.Tools.VmbusNative' ExHyperV.Tools.Win32Api' ExHyperV.Tools.PciDeviceInfo' ExHyperV.Tools.NativeMethods' ExHyperV.Tools.SP_DEVINFO_DATA' ExHyperV.Tools.SP_CLASSINSTALL_HEADER' ExHyperV.Tools.SP_PROPCHANGE_PARAMS' ExHyperV.Tools.DEVPROPKEY' ExHyperV.Tools.LUID' ExHyperV.Tools.TOKEN_PRIVILEGES' ExHyperV.Tools.LUID_AND_ATTRIBUTES' ExHyperV.Tools.WmiScope' ExHyperV.Tools.WmiContext' ExHyperV.Tools.WmiConnectionCache' ExHyperV.Tools.WmiApi' ExHyperV.Tools.ManagementObjectExtensions' ExHyperV.Tools.AutoFocus' ExHyperV.Tools.EventToCommand' ExHyperV.Tools.FluidMove' ExHyperV.Tools.Tracker' ExHyperV.Tools.ListBoxDragDrop' ExHyperV.Tools.DragState' ExHyperV.Tools.DragMoveArgs' ExHyperV.Tools.ParentScrollLock' ExHyperV.Tools.SmoothScroll' ExHyperV.Tools.ScrollAnimation' ExHyperV.Tools.MsRdpAxHost' ExHyperV.Tools.RdpClientHost' ExHyperV.Tools.RdpConnectionSettings' ExHyperV.Tools.StretchUniformGrid' ExHyperV.Tools.SwitchTopology' ExHyperV.Tools.Bcdedit' ExHyperV.Tools.CpuId' ExHyperV.Tools.DeviceIcons' ExHyperV.Tools.DiskParser' ExHyperV.Tools.FriendlyError' ExHyperV.Tools.GpuImages' ExHyperV.Tools.GridLayoutMath' ExHyperV.Tools.HyperVEndPoint' ExHyperV.Tools.Ipv4' ExHyperV.Tools.MacAddress' ExHyperV.Tools.NotesTag' ExHyperV.Tools.OsImages' ExHyperV.Tools.PciIds' ExHyperV.Tools.TaskExtensions' ExHyperV.Tools.VectorIcons' ExHyperV.Tools.VmMapper
Feature Concentration,ExHyperV,ExHyperV.ViewModels,The tool detected the smell in this component because the component realizes more than one architectural concern/feature. Independent sets of related classes within this component are: [AddSwitchViewModel' SwitchPageViewModel' SwitchViewModel' HostPageViewModel' CheckStatusViewModel' PageViewModelBase' ApplySuppressionToken' SettingsPageViewModel' USBPageViewModel' VirtualMachinesPageViewModel' VmDetailViewType' VmInstanceViewModel' MainPageViewModel' UsbDeviceViewModel]' [ConsoleViewModel]' [DeviceViewModel' PCIePageViewModel]' [MemoryBackingTypeOption]' [MemoryTrackingStateOption]' [VmExportCheckpointItemViewModel]' [VmExportDiskItemViewModel]. LCC (Lack of Component Cohesion) = 0'33,ExHyperV.ViewModels.MemoryBackingTypeOption' ExHyperV.ViewModels.MemoryTrackingStateOption' ExHyperV.ViewModels.VmExportCheckpointItemViewModel' ExHyperV.ViewModels.VmExportDiskItemViewModel,ExHyperV.ViewModels.AddSwitchViewModel' ExHyperV.ViewModels.ConsoleViewModel' ExHyperV.ViewModels.DeviceViewModel' ExHyperV.ViewModels.HostPageViewModel' ExHyperV.ViewModels.CheckStatusViewModel' ExHyperV.ViewModels.MainPageViewModel' ExHyperV.ViewModels.PageViewModelBase' ExHyperV.ViewModels.ApplySuppressionToken' ExHyperV.ViewModels.PCIePageViewModel' ExHyperV.ViewModels.SettingsPageViewModel' ExHyperV.ViewModels.SwitchPageViewModel' ExHyperV.ViewModels.SwitchViewModel' ExHyperV.ViewModels.UsbDeviceViewModel' ExHyperV.ViewModels.USBPageViewModel' ExHyperV.ViewModels.VirtualMachinesPageViewModel' ExHyperV.ViewModels.VmDetailViewType' ExHyperV.ViewModels.MemoryBackingTypeOption' ExHyperV.ViewModels.MemoryTrackingStateOption' ExHyperV.ViewModels.VmExportCheckpointItemViewModel' ExHyperV.ViewModels.VmExportDiskItemViewModel' ExHyperV.ViewModels.VmInstanceViewModel
Feature Concentration,ExHyperV,ExHyperV.Views,The tool detected the smell in this component because the component realizes more than one architectural concern/feature. Independent sets of related classes within this component are: [VmAddGpuProgressView]' [VmAddGpuSelectView]' [VmAddStorageView]' [VmAdvancedSettingsView]' [VmBootSettingsView]' [VmCpuAffinityView]' [VmCpuSettingsView]' [VmCreateView]' [VmDashboardView]' [VmExportView]' [VmGpuSettingsView]' [VmImportView]' [VmNetSettingsView]' [VmPcieSettingsView]' [VmRamSettingsView]' [VmSecuritySettingsView]' [VmSpacetimeSettingsView]' [VmStorageSettingsView]' [AddSwitchView]' [HostPage' MainWindow' MainPage' PCIePage' SwitchPage' USBPage' VirtualMachinesPage]' [SettingsPage]' [ConsoleWindow' POINT' MINMAXINFO' RECT' MONITORINFO]. LCC (Lack of Component Cohesion) = 0'69,ExHyperV.Views.VmAddGpuProgressView' ExHyperV.Views.VmAddGpuSelectView' ExHyperV.Views.VmAddStorageView' ExHyperV.Views.VmAdvancedSettingsView' ExHyperV.Views.VmBootSettingsView' ExHyperV.Views.VmCpuAffinityView' ExHyperV.Views.VmCpuSettingsView' ExHyperV.Views.VmCreateView' ExHyperV.Views.VmDashboardView' ExHyperV.Views.VmExportView' ExHyperV.Views.VmGpuSettingsView' ExHyperV.Views.VmImportView' ExHyperV.Views.VmNetSettingsView' ExHyperV.Views.VmPcieSettingsView' ExHyperV.Views.VmRamSettingsView' ExHyperV.Views.VmSecuritySettingsView' ExHyperV.Views.VmSpacetimeSettingsView' ExHyperV.Views.VmStorageSettingsView' ExHyperV.Views.AddSwitchView' ExHyperV.Views.SettingsPage,ExHyperV.Views.VmAddGpuProgressView' ExHyperV.Views.VmAddGpuSelectView' ExHyperV.Views.VmAddStorageView' ExHyperV.Views.VmAdvancedSettingsView' ExHyperV.Views.VmBootSettingsView' ExHyperV.Views.VmCpuAffinityView' ExHyperV.Views.VmCpuSettingsView' ExHyperV.Views.VmCreateView' ExHyperV.Views.VmDashboardView' ExHyperV.Views.VmExportView' ExHyperV.Views.VmGpuSettingsView' ExHyperV.Views.VmImportView' ExHyperV.Views.VmNetSettingsView' ExHyperV.Views.VmPcieSettingsView' ExHyperV.Views.VmRamSettingsView' ExHyperV.Views.VmSecuritySettingsView' ExHyperV.Views.VmSpacetimeSettingsView' ExHyperV.Views.VmStorageSettingsView' ExHyperV.Views.AddSwitchView' ExHyperV.Views.HostPage' ExHyperV.Views.MainPage' ExHyperV.Views.PCIePage' ExHyperV.Views.SettingsPage' ExHyperV.Views.SwitchPage' ExHyperV.Views.USBPage' ExHyperV.Views.VirtualMachinesPage' ExHyperV.Views.ConsoleWindow' ExHyperV.Views.POINT' ExHyperV.Views.MINMAXINFO' ExHyperV.Views.RECT' ExHyperV.Views.MONITORINFO' ExHyperV.Views.MainWindow
Dense Structure,<All projects included>,<All namespaces included>,The tool detected the smell because all the analyzed components exhibit excessive and dense dependencies among themselves. Average degree = 5'8  All the dependencies among components: from: ExHyperV' to: ExHyperV.Services' from: ExHyperV' to: ExHyperV.Tools' from: ExHyperV.Converters' to: ExHyperV.Models' from: ExHyperV.Converters' to: ExHyperV.Properties' from: ExHyperV.Converters' to: ExHyperV.Tools' from: ExHyperV.Interaction' to: ExHyperV.Properties' from: ExHyperV.Interaction' to: ExHyperV.Views' from: ExHyperV.Models' to: ExHyperV.Properties' from: ExHyperV.Models' to: ExHyperV.Tools' from: ExHyperV.Services' to: ExHyperV.Properties' from: ExHyperV.Services' to: ExHyperV.Models' from: ExHyperV.Services' to: ExHyperV.Tools' from: ExHyperV.Services' to: ExHyperV.Vmcx' from: ExHyperV.Tools' to: ExHyperV.Properties' from: ExHyperV.Tools' to: ExHyperV.Models' from: ExHyperV.Vmcx' to: ExHyperV.Properties' from: ExHyperV.ViewModels' to: ExHyperV.Models' from: ExHyperV.ViewModels' to: ExHyperV.Properties' from: ExHyperV.ViewModels' to: ExHyperV.Services' from: ExHyperV.ViewModels' to: ExHyperV.Tools' from: ExHyperV.ViewModels' to: ExHyperV.Interaction' from: ExHyperV.ViewModels' to: ExHyperV.Views' from: ExHyperV.ViewModels' to: ExHyperV' from: ExHyperV.Views' to: ExHyperV.Models' from: ExHyperV.Views' to: ExHyperV.ViewModels' from: ExHyperV.Views' to: ExHyperV.Properties' from: ExHyperV.Views' to: ExHyperV.Services' from: ExHyperV.Views' to: ExHyperV' from: ExHyperV.Views' to: ExHyperV.Tools.,ExHyperV.ViewModels.AddSwitchViewModel' ExHyperV.ViewModels.AddSwitchViewModel' ExHyperV.ViewModels.ConsoleViewModel' ExHyperV.ViewModels.DeviceViewModel' ExHyperV.ViewModels.HostPageViewModel' ExHyperV.ViewModels.MainPageViewModel' ExHyperV.ViewModels.USBPageViewModel,ExHyperV.App' ExHyperV.Converters.CpuEnumDisplayConverter' ExHyperV.Converters.DiskTypeToTextConverter' ExHyperV.Converters.GpuImagePathConverter' ExHyperV.Converters.IsolationTypeDisplayConverter' ExHyperV.Converters.OsTypeToImageConverter' ExHyperV.Converters.VlanModeToVisibilityConverter' ExHyperV.Interaction.Dialogs' ExHyperV.Interaction.Navigation' ExHyperV.Interaction.Notifications' ExHyperV.Models.GpuInfo' ExHyperV.Models.PartitionInfo' ExHyperV.Models.VmImportCheckpointPreview' ExHyperV.Models.VmImportPreview' ExHyperV.Models.VmInstance' ExHyperV.Models.VmMemorySettings' ExHyperV.Models.VmNetworkAdapter' ExHyperV.Models.VmStorageItem' ExHyperV.Services.HostAzureFeatureSetService' ExHyperV.Services.HostDiskService' ExHyperV.Services.HostOpenHclService' ExHyperV.Services.HostPlatformService' ExHyperV.Services.HostVolumeAutoMountService' ExHyperV.Services.HyperVHostService' ExHyperV.Services.HyperVHostSettingsService' ExHyperV.Services.HyperVNumaService' ExHyperV.Services.HyperVSchedulerService' ExHyperV.Services.HyperVSwitchService' ExHyperV.Services.PCIeService' ExHyperV.Services.SystemTypeService' ExHyperV.Services.SettingsService' ExHyperV.Services.SshService' ExHyperV.Services.UsbVmbusService' ExHyperV.Services.CpuAffinityService' ExHyperV.Services.CpuMonitorService' ExHyperV.Services.GpuDriverPackageResolver' ExHyperV.Services.ProcessAffinityService' ExHyperV.Services.VmAdvancedBehaviorService' ExHyperV.Services.VmBatteryService' ExHyperV.Services.VmBootService' ExHyperV.Services.VmConsoleService' ExHyperV.Services.VmCreateService' ExHyperV.Services.VmDeleteService' ExHyperV.Services.VmEditService' ExHyperV.Services.VmExportAccessService' ExHyperV.Services.VmExportPackagingService' ExHyperV.Services.VmExportService' ExHyperV.Services.VmFolderAccessService' ExHyperV.Services.VmGpuRepairService' ExHyperV.Services.VmGpuService' ExHyperV.Services.VmImportSession' ExHyperV.Services.VmImportBatchSession' ExHyperV.Services.VmImportService' ExHyperV.Services.VmInputService' ExHyperV.Services.VmIpService' ExHyperV.Services.VmMemoryService' ExHyperV.Services.VmMmioService' ExHyperV.Services.VmNetworkService' ExHyperV.Services.VmPcieService' ExHyperV.Services.VmPowerService' ExHyperV.Services.VmProcessorService' ExHyperV.Services.VmQueryService' ExHyperV.Services.VmScreenshotService' ExHyperV.Services.VmSecurityService' ExHyperV.Services.VmSpacetimeService' ExHyperV.Services.VmStorageService' ExHyperV.Services.VmVideoService' ExHyperV.Tools.Win32Api' ExHyperV.Tools.WmiApi' ExHyperV.Tools.ListBoxDragDrop' ExHyperV.Tools.DragMoveArgs' ExHyperV.Tools.SwitchTopology' ExHyperV.Tools.DiskParser' ExHyperV.Tools.FriendlyError' ExHyperV.Tools.PciIds' ExHyperV.Tools.VmMapper' ExHyperV.Vmcx.VmcxStore' ExHyperV.ViewModels.AddSwitchViewModel' ExHyperV.ViewModels.ConsoleViewModel' ExHyperV.ViewModels.DeviceViewModel' ExHyperV.ViewModels.HostPageViewModel' ExHyperV.ViewModels.MainPageViewModel' ExHyperV.ViewModels.PageViewModelBase' ExHyperV.ViewModels.PCIePageViewModel' ExHyperV.ViewModels.SettingsPageViewModel' ExHyperV.ViewModels.SwitchPageViewModel' ExHyperV.ViewModels.SwitchViewModel' ExHyperV.ViewModels.UsbDeviceViewModel' ExHyperV.ViewModels.USBPageViewModel' ExHyperV.ViewModels.VirtualMachinesPageViewModel' ExHyperV.ViewModels.VmExportCheckpointItemViewModel' ExHyperV.ViewModels.VmExportDiskItemViewModel' ExHyperV.ViewModels.VmInstanceViewModel' ExHyperV.Views.VmCpuAffinityView' ExHyperV.Views.VmExportView' ExHyperV.Views.VmSpacetimeSettingsView' ExHyperV.Views.HostPage' ExHyperV.Views.MainPage' ExHyperV.Views.SettingsPage' ExHyperV.Views.SwitchPage' ExHyperV.Views.VirtualMachinesPage' ExHyperV.Views.ConsoleWindow' ExHyperV.Views.MainWindow
