Project,Namespace,Ca types,Ce types
ExHyperV,ExHyperV,ExHyperV.ViewModels.USBPageViewModel' ExHyperV.Views.MainWindow' ExHyperV.Views.ConsoleWindow,ExHyperV.Services.HostAzureFeatureSetService' ExHyperV.Services.AppDataPaths' ExHyperV.Services.SettingsService' ExHyperV.Services.ArpSnoopService' ExHyperV.Tools.SmoothScroll
ExHyperV,ExHyperV.Converters,,ExHyperV.Models.SmtMode' ExHyperV.Models.VmApicMode' ExHyperV.Models.L3DistributionPolicy' ExHyperV.Models.PageShatterMode' ExHyperV.Models.LpiMode' ExHyperV.Models.VmMigrationCompatibilityMode' ExHyperV.Properties.Resources' ExHyperV.Tools.GpuImages' ExHyperV.Tools.VectorIcons' ExHyperV.Tools.OsImages' ExHyperV.Models.VlanOperationMode
ExHyperV,ExHyperV.Interaction,ExHyperV.ViewModels.HostPageViewModel' ExHyperV.ViewModels.SwitchPageViewModel' ExHyperV.ViewModels.PCIePageViewModel' ExHyperV.ViewModels.MainPageViewModel' ExHyperV.ViewModels.PageViewModelBase' ExHyperV.ViewModels.SettingsPageViewModel' ExHyperV.ViewModels.USBPageViewModel,ExHyperV.Properties.Resources' ExHyperV.Views.MainWindow' ExHyperV.Views.ConsoleWindow
ExHyperV,ExHyperV.Models,ExHyperV.ViewModels.SwitchViewModel' ExHyperV.Tools.SwitchTopology' ExHyperV.Services.HyperVSwitchService' ExHyperV.ViewModels.VmInstanceViewModel' ExHyperV.Tools.ListBoxDragDrop' ExHyperV.Tools.DragMoveArgs' ExHyperV.Services.VmBootService' ExHyperV.ViewModels.DeviceViewModel' ExHyperV.Services.PCIeService' ExHyperV.Services.VmGpuService' ExHyperV.Services.HostDiskService' ExHyperV.Tools.DiskParser' ExHyperV.Services.VmSpacetimeService' ExHyperV.Views.VmSpacetimeSettingsView' ExHyperV.Services.SshService' ExHyperV.ViewModels.SwitchPageViewModel' ExHyperV.ViewModels.AddSwitchViewModel' ExHyperV.Services.UsbVmbusService' ExHyperV.ViewModels.UsbDeviceViewModel' ExHyperV.Services.VmAdvancedBehaviorService' ExHyperV.ViewModels.VirtualMachinesPageViewModel' ExHyperV.Services.CpuMonitorService' ExHyperV.Views.VmCpuAffinityView' ExHyperV.Services.VmCreateService' ExHyperV.ViewModels.VmExportDiskItemViewModel' ExHyperV.Services.VmQueryService' ExHyperV.Services.VmImportSession' ExHyperV.Services.VmImportBatchSession' ExHyperV.Services.VmImportService' ExHyperV.Services.VmStorageService' ExHyperV.Services.VmMemoryService' ExHyperV.Services.VmMmioService' ExHyperV.Converters.VlanModeToVisibilityConverter' ExHyperV.Services.VmNetworkService' ExHyperV.Services.VmPcieService' ExHyperV.Converters.CpuEnumDisplayConverter' ExHyperV.Services.VmProcessorService,ExHyperV.Properties.Resources' ExHyperV.Tools.VectorIcons' ExHyperV.Tools.VmMapper
ExHyperV,ExHyperV.Properties,ExHyperV.Converters.CpuEnumDisplayConverter' ExHyperV.Converters.IsolationTypeDisplayConverter' ExHyperV.Converters.DiskTypeToTextConverter' ExHyperV.Interaction.Notifications' ExHyperV.Models.GpuInfo' ExHyperV.Models.PartitionInfo' ExHyperV.Models.VmMemorySettings' ExHyperV.Interaction.Dialogs' ExHyperV.Models.VmImportCheckpointPreview' ExHyperV.Models.VmImportPreview' ExHyperV.Models.VmNetworkAdapter' ExHyperV.Services.HostAzureFeatureSetService' ExHyperV.Services.HostOpenHclService' ExHyperV.Services.HostDiskService' ExHyperV.Services.HostVolumeAutoMountService' ExHyperV.Services.HyperVNumaService' ExHyperV.Services.HyperVSchedulerService' ExHyperV.Services.SystemTypeService' ExHyperV.Services.SshService' ExHyperV.Services.HyperVHostService' ExHyperV.Services.UsbVmbusService' ExHyperV.Services.ProcessAffinityService' ExHyperV.Services.VmAdvancedBehaviorService' ExHyperV.Models.VmStorageItem' ExHyperV.Services.VmBatteryService' ExHyperV.Services.VmEditService' ExHyperV.Services.GpuDriverPackageResolver' ExHyperV.Services.SettingsService' ExHyperV.Services.VmExportAccessService' ExHyperV.Services.VmMemoryService' ExHyperV.Services.VmGpuRepairService' ExHyperV.Services.VmMmioService' ExHyperV.Services.VmPcieService' ExHyperV.Services.HyperVSwitchService' ExHyperV.Services.VmFolderAccessService' ExHyperV.Services.VmExportPackagingService' ExHyperV.Services.VmVideoService' ExHyperV.Tools.Win32Api' ExHyperV.Services.PCIeService' ExHyperV.Tools.DiskParser' ExHyperV.Tools.FriendlyError' ExHyperV.Services.VmProcessorService' ExHyperV.Services.VmImportService' ExHyperV.Services.VmCreateService' ExHyperV.Services.VmPowerService' ExHyperV.ViewModels.AddSwitchViewModel' ExHyperV.Tools.PciIds' ExHyperV.ViewModels.DeviceViewModel' ExHyperV.Tools.VmMapper' ExHyperV.ViewModels.PageViewModelBase' ExHyperV.Tools.WmiApi' ExHyperV.ViewModels.SwitchPageViewModel' ExHyperV.ViewModels.PCIePageViewModel' ExHyperV.Services.VmSpacetimeService' ExHyperV.Services.VmSecurityService' ExHyperV.ViewModels.SwitchViewModel' ExHyperV.ViewModels.SettingsPageViewModel' ExHyperV.Services.VmNetworkService' ExHyperV.ViewModels.UsbDeviceViewModel' ExHyperV.ViewModels.ConsoleViewModel' ExHyperV.ViewModels.USBPageViewModel' ExHyperV.Services.VmExportService' ExHyperV.Services.VmConsoleService' ExHyperV.ViewModels.HostPageViewModel' ExHyperV.Services.VmDeleteService' ExHyperV.Services.VmBootService' ExHyperV.ViewModels.VmExportCheckpointItemViewModel' ExHyperV.Views.ConsoleWindow' ExHyperV.Vmcx.VmcxStore' ExHyperV.ViewModels.VirtualMachinesPageViewModel' ExHyperV.ViewModels.VmInstanceViewModel' ExHyperV.Views.VmSpacetimeSettingsView' ExHyperV.Services.VmGpuService' ExHyperV.Services.VmStorageService,
ExHyperV,ExHyperV.Services,ExHyperV.App' ExHyperV.ViewModels.PCIePageViewModel' ExHyperV.ViewModels.HostPageViewModel' ExHyperV.ViewModels.SwitchViewModel' ExHyperV.ViewModels.SwitchPageViewModel' ExHyperV.ViewModels.DeviceViewModel' ExHyperV.ViewModels.MainPageViewModel' ExHyperV.ViewModels.SettingsPageViewModel' ExHyperV.ViewModels.ConsoleViewModel' ExHyperV.Views.MainWindow' ExHyperV.Views.ConsoleWindow' ExHyperV.ViewModels.USBPageViewModel' ExHyperV.ViewModels.VirtualMachinesPageViewModel' ExHyperV.ViewModels.VmExportCheckpointItemViewModel' ExHyperV.ViewModels.VmInstanceViewModel' ExHyperV.Views.VirtualMachinesPage,ExHyperV.Properties.Resources' ExHyperV.Models.HostDiskInfo' ExHyperV.Models.HostOpticalInfo' ExHyperV.Tools.ApiErrorSource' ExHyperV.Tools.ApiResponse<T>' ExHyperV.Tools.ApiResponse' ExHyperV.Tools.WmiScope' ExHyperV.Tools.WmiApi' ExHyperV.Tools.DismApi' ExHyperV.Tools.Bcdedit' ExHyperV.Tools.CpuId' ExHyperV.Models.AdapterInfo' ExHyperV.Models.SwitchMode' ExHyperV.Models.SwitchInfo' ExHyperV.Tools.ComApi' ExHyperV.Tools.WmiContext' ExHyperV.Tools.WmiConnectionCache' ExHyperV.Tools.Ipv4' ExHyperV.Tools.MacAddress' ExHyperV.Models.DeviceInfo' ExHyperV.Tools.Win32Api' ExHyperV.Tools.PciDeviceInfo' ExHyperV.Tools.PciIds' ExHyperV.Models.SshCredentials' ExHyperV.Models.UsbDevice' ExHyperV.Models.UsbTargetVm' ExHyperV.Tools.VmbusApi' ExHyperV.Tools.HyperVEndPoint' ExHyperV.Tools.HcsCpuGroupDetail' ExHyperV.Tools.HcsApi' ExHyperV.Tools.NotesTag' ExHyperV.Models.CoreType' ExHyperV.Models.VmCoreMetric' ExHyperV.Models.VmAdvancedBehaviorSettings' ExHyperV.Models.VmAdvancedBehavior' ExHyperV.Models.BootOrderItem' ExHyperV.Models.VmCreationParams' ExHyperV.Models.VmMemorySettings' ExHyperV.Models.VmProcessorSettings' ExHyperV.Vmcx.VmcxSchema' ExHyperV.Vmcx.VmcxNode' ExHyperV.Vmcx.VmcxStore' ExHyperV.Models.GpuInfo' ExHyperV.Models.LinuxScriptItem' ExHyperV.Models.PartitionInfo' ExHyperV.Models.VmInstance' ExHyperV.Tools.DiskParser' ExHyperV.Models.VmImportSourceKind' ExHyperV.Models.VmImportPlacementMode' ExHyperV.Models.VmImportPreview' ExHyperV.Models.VmImportDiskPreview' ExHyperV.Tools.OsImages' ExHyperV.Models.VmMmioSettings' ExHyperV.Models.VlanOperationMode' ExHyperV.Models.PvlanMode' ExHyperV.Models.PortMonitorMode' ExHyperV.Models.VmNetworkAdapter' ExHyperV.Tools.FriendlyError' ExHyperV.Models.VmPcieGuestMode' ExHyperV.Models.VmPcieSettings' ExHyperV.Models.VmPcieDeviceSetting' ExHyperV.Tools.DeviceIcons' ExHyperV.Models.SmtMode' ExHyperV.Models.VmApicMode' ExHyperV.Models.L3DistributionPolicy' ExHyperV.Models.PageShatterMode' ExHyperV.Models.LpiMode' ExHyperV.Models.VmMigrationCompatibilityMode' ExHyperV.Models.VmDiskItem' ExHyperV.Tools.VmMapper' ExHyperV.Models.SpacetimeMode' ExHyperV.Models.SpacetimeNodeType' ExHyperV.Models.SpacetimeNode' ExHyperV.Models.VmStorageItem
ExHyperV,ExHyperV.Tools,ExHyperV.Services.VmExportPackagingService' ExHyperV.Services.VmExportService' ExHyperV.Services.VmImportService' ExHyperV.Services.HostDiskService' ExHyperV.Services.VmBatteryService' ExHyperV.Services.CpuAffinityService' ExHyperV.Services.VmAdvancedBehaviorService' ExHyperV.Services.VmCreateService' ExHyperV.Services.VmPcieService' ExHyperV.ViewModels.VirtualMachinesPageViewModel' ExHyperV.Services.HyperVHostSettingsService' ExHyperV.Services.PCIeService' ExHyperV.Services.VmMemoryService' ExHyperV.Services.VmMmioService' ExHyperV.Services.VmProcessorService' ExHyperV.Services.VmPowerService' ExHyperV.Services.VmSecurityService' ExHyperV.Services.VmStorageService' ExHyperV.Services.VmSpacetimeService' ExHyperV.Services.HyperVSwitchService' ExHyperV.Services.HyperVHostService' ExHyperV.Services.UsbVmbusService' ExHyperV.Services.GpuDriverPackageResolver' ExHyperV.Services.VmGpuService' ExHyperV.Services.SystemTypeService' ExHyperV.Services.HostPlatformService' ExHyperV.Services.VmBootService' ExHyperV.Services.CpuMonitorService' ExHyperV.Services.VmInputService' ExHyperV.Services.VmIpService' ExHyperV.Services.VmDeleteService' ExHyperV.Services.VmScreenshotService' ExHyperV.Services.VmQueryService' ExHyperV.Services.HyperVNumaService' ExHyperV.Services.VmConsoleService' ExHyperV.Services.VmEditService' ExHyperV.Services.VmGpuRepairService' ExHyperV.Services.VmNetworkService' ExHyperV.Services.VmVideoService' ExHyperV.App' ExHyperV.Views.ConsoleWindow' ExHyperV.Services.HyperVSchedulerService' ExHyperV.ViewModels.DeviceViewModel' ExHyperV.ViewModels.SwitchViewModel' ExHyperV.Converters.GpuImagePathConverter' ExHyperV.Converters.OsTypeToImageConverter' ExHyperV.Models.PartitionInfo' ExHyperV.Models.VmInstance' ExHyperV.ViewModels.VmInstanceViewModel,ExHyperV.Properties.Resources' ExHyperV.Models.BootOrderItem' ExHyperV.Models.AdapterInfo' ExHyperV.Models.SwitchMode' ExHyperV.Models.OperatingSystemType' ExHyperV.Models.PartitionInfo
ExHyperV,ExHyperV.Vmcx,ExHyperV.Services.VmGpuRepairService' ExHyperV.Services.VmImportService,ExHyperV.Properties.Resources
ExHyperV,ExHyperV.ViewModels,ExHyperV.Views.ConsoleWindow' ExHyperV.Views.HostPage' ExHyperV.Views.MainPage' ExHyperV.Views.SettingsPage' ExHyperV.Views.SwitchPage' ExHyperV.Views.VirtualMachinesPage' ExHyperV.Views.VmSpacetimeSettingsView' ExHyperV.Views.VmExportView,ExHyperV.Models.SwitchMode' ExHyperV.Properties.Resources' ExHyperV.Services.SettingsService' ExHyperV.Services.VmConsoleService' ExHyperV.Services.VmPowerService' ExHyperV.Services.VmQueryService' ExHyperV.Models.DeviceInfo' ExHyperV.Services.PCIeService' ExHyperV.Tools.DeviceIcons' ExHyperV.Interaction.Dialogs' ExHyperV.Services.HostNvmeService' ExHyperV.Services.HostOpenHclService' ExHyperV.Services.HostPowerPlanService' ExHyperV.Services.HostVolumeAutoMountService' ExHyperV.Services.HyperVGpuPolicyService' ExHyperV.Services.HyperVHostService' ExHyperV.Services.HyperVHostSettingsService' ExHyperV.Services.HyperVNumaService' ExHyperV.Services.HyperVSchedulerType' ExHyperV.Services.HyperVSchedulerService' ExHyperV.Services.SystemTypeService' ExHyperV.Services.UsbVmbusService' ExHyperV.Interaction.Navigation' ExHyperV.Services.SystemInfoService' ExHyperV.Services.AppInfoService' ExHyperV.Views.HostPage' ExHyperV.Views.PCIePage' ExHyperV.Views.SwitchPage' ExHyperV.Views.USBPage' ExHyperV.Views.VirtualMachinesPage' ExHyperV.Interaction.Notifications' ExHyperV.Services.HostDiskService' ExHyperV.Services.MmioCheckResultType' ExHyperV.Interaction.Shell' ExHyperV.Models.SwitchInfo' ExHyperV.Services.HyperVSwitchService' ExHyperV.Views.AddSwitchView' ExHyperV.Models.AdapterInfo' ExHyperV.Models.UsbDevice' ExHyperV.App' ExHyperV.Models.VmAdvancedBehavior' ExHyperV.Services.VmAdvancedBehaviorService' ExHyperV.Services.VmBatteryService' ExHyperV.Services.VmBootService' ExHyperV.Services.VmVideoService' ExHyperV.Tools.ApiResponse<T>' ExHyperV.Tools.FriendlyError' ExHyperV.Services.VmExportService' ExHyperV.Models.VmDiskItem' ExHyperV.Models.VmStorageItem' ExHyperV.Models.BootOrderItem' ExHyperV.Models.VmCoreItem' ExHyperV.Models.VmGpuAssignment' ExHyperV.Models.VmInstance' ExHyperV.Models.VmMemorySettings' ExHyperV.Models.VmMmioSettings' ExHyperV.Models.VmNetworkAdapter' ExHyperV.Models.VmProcessorSettings' ExHyperV.Services.GpuUsageData' ExHyperV.Tools.VmMapper
ExHyperV,ExHyperV.Views,ExHyperV.ViewModels.SwitchPageViewModel' ExHyperV.ViewModels.MainPageViewModel' ExHyperV.Interaction.Navigation' ExHyperV.Interaction.Dialogs,ExHyperV.Models.VmCoreItem' ExHyperV.ViewModels.VmExportDiskItemViewModel' ExHyperV.Models.SpacetimeNodeType' ExHyperV.Models.SpacetimeNode' ExHyperV.Properties.Resources' ExHyperV.ViewModels.VirtualMachinesPageViewModel' ExHyperV.ViewModels.HostPageViewModel' ExHyperV.ViewModels.MainPageViewModel' ExHyperV.ViewModels.SettingsPageViewModel' ExHyperV.ViewModels.SwitchPageViewModel' ExHyperV.Services.VmQueryService' ExHyperV.App' ExHyperV.Services.SettingsService' ExHyperV.Services.VmInputService' ExHyperV.Tools.RdpConnectionSettings' ExHyperV.ViewModels.ConsoleViewModel
